content_id,rating_id
1,1
2,2
3,2
4,2
5,2
6,2
7,3
8,2
9,4
10,1
11,2
12,2
13,2
14,5
15,2
16,2
17,2
18,2
19,4
20,2
21,4
22,4
23,5
24,6
25,4
26,4
27,5
28,1
29,1
30,1
31,4
32,2
33,2
34,2
35,7
36,2
37,2
38,7
39,1
40,7
41,7
42,3
43,3
44,3
45,1
46,3
47,8
48,2
49,8
50,2
51,5
52,4
53,4
54,5
55,5
56,5
57,4
58,5
59,5
60,5
61,4
62,5
63,5
64,5
65,5
66,6
67,9
68,5
69,4
70,5
71,2
72,6
73,2
74,2
75,5
76,9
77,4
78,7
79,4
80,4
81,7
82,8
83,4
84,2
85,2
86,7
87,2
88,6
89,1
90,7
91,2
92,4
93,2
94,2
95,3
96,2
97,2
98,7
99,6
100,2
101,7
102,2
103,4
104,2
105,6
106,4
107,9
108,10
109,9
110,2
111,2
112,6
113,1
114,5
115,4
116,3
117,5
118,1
119,4
120,2
121,7
122,4
123,8
124,7
125,7
126,2
127,4
128,3
129,1
130,1
131,6
132,8
133,2
134,8
135,1
136,8
137,8
138,3
139,1
140,8
141,2
142,8
143,1
144,1
145,8
146,8
147,8
148,5
149,4
150,8
151,8
152,4
153,2
154,6
155,2
156,3
157,3
158,4
159,1
160,2
161,5
162,1
163,1
164,8
165,1
166,2
167,8
168,3
169,3
170,1
171,8
172,1
173,1
174,1
175,8
176,8
177,1
178,4
179,8
180,1
181,1
182,4
183,1
184,8
185,5
186,2
187,4
188,9
189,2
190,6
191,4
192,8
193,4
194,2
195,2
196,4
197,4
198,7
199,2
200,4
201,4
202,4
203,2
204,2
205,2
206,4
207,2
208,4
209,4
210,4
211,2
212,2
213,2
214,5
215,8
216,2
217,4
218,4
219,4
220,4
221,5
222,4
223,2
224,2
225,4
226,2
227,2
228,2
229,8
230,2
231,2
232,3
233,9
234,2
235,6
236,5
237,4
238,4
239,4
240,4
241,2
242,4
243,2
244,2
245,4
246,5
247,2
248,8
249,2
250,7
251,5
252,1
253,2
254,4
255,6
256,2
257,4
258,4
259,2
260,5
261,2
262,4
263,2
264,6
265,8
266,4
267,2
268,8
269,2
270,7
271,2
272,2
273,7
274,2
275,2
276,2
277,2
278,4
279,2
280,5
281,5
282,4
283,2
284,1
285,4
286,8
287,6
288,4
289,2
290,4
291,2
292,4
293,1
294,2
295,5
296,1
297,2
298,2
299,2
300,4
301,3
302,4
303,2
304,2
305,4
306,2
307,5
308,2
309,2
310,5
311,2
312,2
313,2
314,4
315,8
316,2
317,4
318,1
319,2
320,4
321,5
322,4
323,2
324,4
325,7
326,3
327,3
328,1
329,8
330,1
331,3
332,2
333,8
334,1
335,1
336,8
337,4
338,8
339,4
340,4
341,1
342,8
343,1
344,1
345,3
346,3
347,8
348,3
349,1
350,1
351,1
352,8
353,8
354,8
355,8
356,8
357,1
358,8
359,1
360,8
361,1
362,4
363,4
364,8
365,7
366,4
367,4
368,4
369,4
370,4
371,2
372,4
373,2
374,2
375,5
376,4
377,7
378,2
379,4
380,2
381,4
382,2
383,4
384,2
385,4
386,2
387,6
388,4
389,2
390,2
391,2
392,2
393,8
394,3
395,2
396,2
397,2
398,2
399,2
400,5
401,5
402,2
403,2
404,2
405,2
406,6
407,7
408,7
409,7
410,7
411,7
412,7
413,7
414,7
415,7
416,7
417,7
418,7
419,6
420,7
421,7
422,7
423,7
424,7
425,7
426,4
427,2
428,4
429,9
430,4
431,4
432,2
433,7
434,2
435,2
436,2
437,4
438,8
439,5
440,2
441,2
442,8
443,7
444,8
445,4
446,8
447,1
448,1
449,1
450,1
451,1
452,1
453,5
454,2
455,2
456,2
457,4
458,5
459,4
460,4
461,3
462,4
463,2
464,2
465,8
466,2
467,2
468,2
469,2
470,2
471,4
472,5
473,6
474,2
475,8
476,2
477,2
478,4
479,2
480,8
481,4
482,2
483,2
484,2
485,9
486,4
487,3
488,2
489,4
490,4
491,2
492,1
493,1
494,2
495,8
496,2
497,1
498,4
499,2
500,5
501,2
502,2
503,4
504,2
505,2
506,5
507,9
508,4
509,2
510,6
511,4
512,2
513,7
514,4
515,2
516,2
517,2
518,4
519,4
520,2
521,2
522,2
523,7
524,2
525,2
526,6
527,2
528,6
529,4
530,2
531,9
532,5
533,2
534,4
535,9
536,6
537,4
538,4
539,5
540,5
541,9
542,4
543,4
544,2
545,2
546,6
547,4
548,7
549,4
550,4
551,8
552,2
553,2
554,2
555,2
556,8
557,4
558,1
559,8
560,8
561,1
562,1
563,1
564,1
565,8
566,9
567,1
568,1
569,3
570,4
571,4
572,2
573,1
574,3
575,3
576,1
577,8
578,2
579,1
580,8
581,4
582,1
583,1
584,8
585,8
586,1
587,8
588,2
589,6
590,8
591,7
592,1
593,8
594,3
595,1
596,3
597,8
598,1
599,8
600,1
601,8
602,3
603,3
604,3
605,8
606,8
607,1
608,8
609,1
610,1
611,8
612,8
613,8
614,2
615,1
616,8
617,8
618,2
619,2
620,4
621,2
622,4
623,8
624,2
625,2
626,2
627,2
628,4
629,6
630,4
631,8
632,4
633,4
634,2
635,4
636,2
637,1
638,2
639,2
640,4
641,2
642,3
643,2
644,8
645,2
646,4
647,2
648,9
649,2
650,4
651,4
652,2
653,4
654,2
655,2
656,2
657,2
658,4
659,4
660,4
661,4
662,2
663,4
664,2
665,6
666,2
667,4
668,4
669,2
670,2
671,4
672,2
673,4
674,2
675,2
676,2
677,4
678,2
679,2
680,2
681,2
682,2
683,2
684,2
685,2
686,1
687,4
688,2
689,4
690,4
691,4
692,4
693,4
694,4
695,5
696,4
697,2
698,2
699,2
700,2
701,2
702,2
703,8
704,2
705,4
706,4
707,2
708,4
709,1
710,2
711,5
712,2
713,2
714,7
715,2
716,2
717,2
718,9
719,8
720,9
721,6
722,8
723,2
724,9
725,4
726,2
727,2
728,2
729,2
730,2
731,2
732,4
733,2
734,7
735,2
736,5
737,3
738,2
739,4
740,3
741,8
742,2
743,2
744,2
745,2
746,4
747,2
748,2
749,5
750,2
751,2
752,7
753,1
754,2
755,8
756,9
757,2
758,5
759,2
760,9
761,9
762,5
763,4
764,4
765,4
766,2
767,2
768,4
769,2
770,9
771,4
772,4
773,2
774,2
775,1
776,2
777,1
778,2
779,2
780,1
781,6
782,4
783,8
784,2
785,2
786,6
787,8
788,8
789,1
790,4
791,2
792,8
793,3
794,1
795,4
796,4
797,8
798,1
799,8
800,1
801,4
802,8
803,8
804,5
805,8
806,4
807,4
808,5
809,8
810,1
811,3
812,6
813,8
814,7
815,3
816,2
817,1
818,1
819,1
820,3
821,4
822,8
823,8
824,2
825,8
826,2
827,2
828,4
829,1
830,7
831,2
832,2
833,4
834,2
835,5
836,5
837,2
838,2
839,2
840,2
841,2
842,2
843,4
844,2
845,2
846,4
847,3
848,2
849,2
850,9
851,4
852,4
853,4
854,8
855,2
856,7
857,2
858,2
859,4
860,4
861,2
862,7
863,2
864,3
865,4
866,8
867,8
868,1
869,6
870,2
871,4
872,4
873,8
874,2
875,6
876,2
877,2
878,2
879,2
880,2
881,2
882,2
883,7
884,2
885,2
886,2
887,4
888,2
889,4
890,8
891,2
892,8
893,2
894,4
895,2
896,4
897,4
898,4
899,4
900,2
901,4
902,5
903,4
904,2
905,8
906,4
907,2
908,2
909,2
910,4
911,2
912,7
913,4
914,5
915,2
916,2
917,8
918,2
919,5
920,2
921,5
922,2
923,2
924,6
925,3
926,6
927,8
928,6
929,1
930,8
931,8
932,1
933,8
934,10
935,8
936,3
937,7
938,7
939,7
940,7
941,7
942,7
943,8
944,1
945,2
946,2
947,1
948,1
949,4
950,1
951,1
952,8
953,8
954,8
955,5
956,8
957,8
958,5
959,4
960,2
961,2
962,3
963,8
964,2
965,2
966,2
967,2
968,9
969,2
970,8
971,1
972,8
973,2
974,5
975,4
976,4
977,4
978,4
979,2
980,2
981,2
982,2
983,4
984,2
985,2
986,2
987,4
988,2
989,4
990,2
991,2
992,9
993,9
994,4
995,4
996,2
997,2
998,5
999,4
1000,2
1001,2
1002,4
1003,2
1004,2
1005,6
1006,6
1007,7
1008,6
1009,6
1010,7
1011,7
1012,4
1013,2
1014,8
1015,6
1016,8
1017,2
1018,2
1019,4
1020,3
1021,4
1022,2
1023,3
1024,2
1025,7
1026,7
1027,6
1028,8
1029,4
1030,2
1031,2
1032,4
1033,4
1034,8
1035,8
1036,1
1037,4
1038,4
1039,5
1040,2
1041,2
1042,2
1043,5
1044,4
1045,2
1046,4
1047,4
1048,4
1049,6
1050,6
1051,2
1052,7
1053,8
1054,2
1055,4
1056,8
1057,5
1058,4
1059,2
1060,2
1061,4
1062,2
1063,4
1064,2
1065,2
1066,2
1067,2
1068,2
1069,2
1070,4
1071,2
1072,7
1073,7
1074,7
1075,7
1076,5
1077,7
1078,7
1079,6
1080,5
1081,4
1082,9
1083,4
1084,8
1085,4
1086,2
1087,2
1088,4
1089,1
1090,2
1091,5
1092,2
1093,5
1094,4
1095,2
1096,2
1097,7
1098,2
1099,4
1100,2
1101,2
1102,3
1103,1
1104,8
1105,6
1106,8
1107,8
1108,2
1109,2
1110,2
1111,2
1112,1
1113,3
1114,1
1115,1
1116,5
1117,5
1118,5
1119,1
1120,8
1121,1
1122,1
1123,4
1124,9
1125,8
1126,2
1127,10
1128,2
1129,8
1130,5
1131,4
1132,4
1133,4
1134,8
1135,8
1136,1
1137,4
1138,5
1139,8
1140,1
1141,8
1142,4
1143,2
1144,2
1145,1
1146,1
1147,4
1148,2
1149,6
1150,7
1151,5
1152,6
1153,6
1154,1
1155,8
1156,5
1157,5
1158,2
1159,9
1160,2
1161,2
1162,5
1163,4
1164,2
1165,2
1166,5
1167,4
1168,4
1169,2
1170,7
1171,7
1172,4
1173,2
1174,4
1175,4
1176,1
1177,2
1178,2
1179,8
1180,7
1181,7
1182,5
1183,2
1184,9
1185,4
1186,2
1187,2
1188,8
1189,4
1190,9
1191,8
1192,1
1193,2
1194,5
1195,4
1196,8
1197,4
1198,1
1199,2
1200,8
1201,6
1202,4
1203,4
1204,3
1205,4
1206,2
1207,9
1208,4
1209,2
1210,9
1211,2
1212,4
1213,2
1214,2
1215,2
1216,2
1217,2
1218,2
1219,3
1220,5
1221,2
1222,4
1223,2
1224,2
1225,2
1226,9
1227,4
1228,2
1229,1
1230,4
1231,4
1232,7
1233,2
1234,4
1235,2
1236,7
1237,2
1238,4
1239,4
1240,8
1241,1
1242,1
1243,4
1244,1
1245,4
1246,6
1247,2
1248,5
1249,8
1250,2
1251,9
1252,1
1253,4
1254,6
1255,8
1256,4
1257,8
1258,4
1259,7
1260,8
1261,2
1262,2
1263,2
1264,8
1265,8
1266,2
1267,2
1268,2
1269,2
1270,5
1271,2
1272,2
1273,2
1274,4
1275,5
1276,4
1277,2
1278,4
1279,9
1280,4
1281,4
1282,4
1283,2
1284,8
1285,8
1286,4
1287,2
1288,4
1289,1
1290,9
1291,8
1292,4
1293,5
1294,2
1295,2
1296,2
1297,4
1298,4
1299,4
1300,2
1301,2
1302,2
1303,4
1304,5
1305,5
1306,4
1307,2
1308,3
1309,7
1310,4
1311,4
1312,4
1313,2
1314,4
1315,2
1316,2
1317,2
1318,9
1319,4
1320,7
1321,2
1322,2
1323,4
1324,4
1325,8
1326,2
1327,4
1328,2
1329,2
1330,2
1331,3
1332,2
1333,9
1334,8
1335,4
1336,2
1337,2
1338,5
1339,2
1340,2
1341,4
1342,8
1343,2
1344,8
1345,2
1346,4
1347,2
1348,2
1349,2
1350,2
1351,7
1352,5
1353,2
1354,1
1355,4
1356,4
1357,4
1358,2
1359,8
1360,8
1361,2
1362,4
1363,5
1364,4
1365,3
1366,7
1367,1
1368,8
1369,2
1370,3
1371,1
1372,4
1373,5
1374,2
1375,4
1376,2
1377,2
1378,2
1379,4
1380,4
1381,6
1382,4
1383,5
1384,4
1385,4
1386,4
1387,2
1388,1
1389,8
1390,8
1391,8
1392,8
1393,2
1394,4
1395,2
1396,6
1397,8
1398,1
1399,8
1400,4
1401,2
1402,7
1403,4
1404,9
1405,9
1406,8
1407,3
1408,6
1409,2
1410,8
1411,2
1412,4
1413,5
1414,2
1415,4
1416,8
1417,2
1418,2
1419,2
1420,2
1421,2
1422,8
1423,4
1424,4
1425,7
1426,4
1427,2
1428,2
1429,2
1430,6
1431,4
1432,2
1433,4
1434,4
1435,3
1436,8
1437,2
1438,2
1439,4
1440,2
1441,5
1442,4
1443,9
1444,4
1445,1
1446,4
1447,2
1448,8
1449,4
1450,9
1451,8
1452,6
1453,1
1454,3
1455,1
1456,9
1457,8
1458,2
1459,8
1460,1
1461,2
1462,8
1463,7
1464,6
1465,4
1466,9
1467,4
1468,1
1469,2
1470,1
1471,2
1472,2
1473,4
1474,4
1475,5
1476,4
1477,9
1478,2
1479,2
1480,2
1481,4
1482,2
1483,7
1484,5
1485,1
1486,3
1487,2
1488,2
1489,2
1490,5
1491,6
1492,2
1493,2
1494,9
1495,3
1496,2
1497,9
1498,4
1499,4
1500,1
1501,2
1502,8
1503,2
1504,4
1505,4
1506,6
1507,6
1508,6
1509,6
1510,2
1511,8
1512,4
1513,2
1514,1
1515,2
1516,8
1517,2
1518,8
1519,5
1520,5
1521,2
1522,5
1523,4
1524,4
1525,8
1526,4
1527,4
1528,6
1529,2
1530,4
1531,2
1532,5
1533,2
1534,2
1535,2
1536,2
1537,1
1538,1
1539,4
1540,4
1541,8
1542,2
1543,2
1544,4
1545,8
1546,6
1547,2
1548,4
1549,4
1550,4
1551,1
1552,7
1553,2
1554,2
1555,4
1556,6
1557,6
1558,10
1559,1
1560,2
1561,1
1562,2
1563,2
1564,2
1565,4
1566,9
1567,4
1568,2
1569,2
1570,4
1571,4
1572,4
1573,9
1574,5
1575,4
1576,5
1577,3
1578,2
1579,5
1580,4
1581,7
1582,6
1583,8
1584,4
1585,8
1586,4
1587,2
1588,2
1589,6
1590,2
1591,2
1592,7
1593,2
1594,2
1595,2
1596,8
1597,2
1598,5
1599,4
1600,2
1601,6
1602,2
1603,4
1604,5
1605,2
1606,4
1607,2
1608,2
1609,1
1610,6
1611,1
1612,4
1613,8
1614,1
1615,6
1616,4
1617,3
1618,2
1619,6
1620,6
1621,8
1622,1
1623,2
1624,4
1625,1
1626,4
1627,8
1628,5
1629,5
1630,2
1631,5
1632,8
1633,6
1634,2
1635,4
1636,6
1637,5
1638,2
1639,2
1640,4
1641,2
1642,4
1643,2
1644,2
1645,5
1646,4
1647,2
1648,4
1649,8
1650,2
1651,5
1652,3
1653,4
1654,4
1655,2
1656,6
1657,8
1658,2
1659,4
1660,8
1661,2
1662,2
1663,4
1664,5
1665,8
1666,4
1667,6
1668,9
1669,4
1670,3
1671,2
1672,5
1673,5
1674,2
1675,4
1676,4
1677,4
1678,4
1679,2
1680,4
1681,4
1682,9
1683,9
1684,4
1685,9
1686,5
1687,2
1688,7
1689,2
1690,1
1691,8
1692,9
1693,4
1694,6
1695,3
1696,9
1697,6
1698,4
1699,2
1700,9
1701,4
1702,2
1703,7
1704,3
1705,5
1706,1
1707,2
1708,9
1709,2
1710,2
1711,8
1712,2
1713,2
1714,2
1715,1
1716,4
1717,2
1718,2
1719,2
1720,4
1721,2
1722,4
1723,4
1724,7
1725,5
1726,2
1727,5
1728,2
1729,2
1730,8
1731,2
1732,2
1733,4
1734,4
1735,9
1736,4
1737,9
1738,4
1739,9
1740,5
1741,2
1742,5
1743,2
1744,4
1745,5
1746,5
1747,2
1748,8
1749,2
1750,5
1751,4
1752,6
1753,6
1754,3
1755,4
1756,4
1757,6
1758,6
1759,7
1760,7
1761,6
1762,3
1763,8
1764,8
1765,8
1766,6
1767,2
1768,1
1769,3
1770,4
1771,8
1772,5
1773,2
1774,5
1775,4
1776,4
1777,4
1778,4
1779,6
1780,4
1781,2
1782,4
1783,2
1784,2
1785,4
1786,2
1787,4
1788,8
1789,2
1790,5
1791,2
1792,6
1793,4
1794,2
1795,4
1796,4
1797,8
1798,2
1799,2
1800,2
1801,2
1802,3
1803,4
1804,2
1805,2
1806,2
1807,2
1808,2
1809,1
1810,4
1811,8
1812,8
1813,5
1814,2
1815,1
1816,6
1817,1
1818,4
1819,4
1820,2
1821,4
1822,2
1823,2
1824,2
1825,2
1826,2
1827,4
1828,2
1829,2
1830,2
1831,4
1832,4
1833,2
1834,3
1835,4
1836,8
1837,2
1838,2
1839,8
1840,2
1841,2
1842,7
1843,8
1844,8
1845,5
1846,8
1847,4
1848,6
1849,4
1850,5
1851,4
1852,4
1853,7
1854,5
1855,2
1856,4
1857,4
1858,2
1859,4
1860,6
1861,2
1862,4
1863,4
1864,2
1865,7
1866,4
1867,4
1868,2
1869,2
1870,2
1871,2
1872,6
1873,8
1874,2
1875,2
1876,4
1877,2
1878,4
1879,2
1880,1
1881,2
1882,8
1883,4
1884,6
1885,4
1886,4
1887,3
1888,2
1889,4
1890,6
1891,6
1892,4
1893,6
1894,5
1895,2
1896,5
1897,2
1898,2
1899,2
1900,2
1901,1
1902,2
1903,5
1904,8
1905,4
1906,2
1907,4
1908,2
1909,2
1910,8
1911,2
1912,4
1913,1
1914,2
1915,2
1916,2
1917,1
1918,2
1919,2
1920,5
1921,4
1922,8
1923,5
1924,4
1925,4
1926,2
1927,2
1928,5
1929,2
1930,5
1931,2
1932,8
1933,2
1934,2
1935,1
1936,2
1937,8
1938,1
1939,5
1940,4
1941,2
1942,5
1943,4
1944,4
1945,4
1946,4
1947,5
1948,5
1949,2
1950,4
1951,4
1952,4
1953,6
1954,2
1955,2
1956,2
1957,2
1958,1
1959,2
1960,1
1961,9
1962,2
1963,5
1964,5
1965,2
1966,2
1967,2
1968,2
1969,2
1970,2
1971,2
1972,4
1973,4
1974,6
1975,2
1976,4
1977,2
1978,2
1979,2
1980,9
1981,4
1982,4
1983,4
1984,2
1985,2
1986,6
1987,4
1988,2
1989,2
1990,2
1991,4
1992,2
1993,2
1994,2
1995,5
1996,8
1997,2
1998,8
1999,2
2000,5
2001,2
2002,8
2003,2
2004,3
2005,3
2006,2
2007,6
2008,4
2009,2
2010,4
2011,3
2012,7
2013,2
2014,2
2015,4
2016,4
2017,4
2018,4
2019,5
2020,5
2021,9
2022,4
2023,9
2024,2
2025,2
2026,4
2027,4
2028,9
2029,4
2030,2
2031,4
2032,2
2033,5
2034,2
2035,4
2036,1
2037,2
2038,4
2039,9
2040,2
2041,7
2042,3
2043,2
2044,8
2045,4
2046,8
2047,4
2048,7
2049,2
2050,4
2051,2
2052,5
2053,5
2054,2
2055,4
2056,2
2057,3
2058,9
2059,2
2060,1
2061,4
2062,6
2063,2
2064,6
2065,2
2066,5
2067,4
2068,4
2069,2
2070,2
2071,7
2072,3
2073,8
2074,5
2075,4
2076,2
2077,7
2078,2
2079,4
2080,3
2081,6
2082,6
2083,4
2084,2
2085,3
2086,2
2087,2
2088,2
2089,2
2090,4
2091,2
2092,2
2093,1
2094,2
2095,2
2096,2
2097,2
2098,1
2099,6
2100,2
2101,1
2102,2
2103,9
2104,4
2105,2
2106,2
2107,4
2108,5
2109,2
2110,5
2111,2
2112,4
2113,4
2114,4
2115,7
2116,8
2117,5
2118,5
2119,7
2120,5
2121,1
2122,1
2123,2
2124,5
2125,2
2126,4
2127,5
2128,2
2129,9
2130,7
2131,2
2132,6
2133,8
2134,2
2135,2
2136,7
2137,7
2138,2
2139,8
2140,2
2141,2
2142,4
2143,3
2144,2
2145,9
2146,2
2147,1
2148,4
2149,4
2150,8
2151,2
2152,2
2153,2
2154,5
2155,4
2156,6
2157,5
2158,7
2159,6
2160,4
2161,7
2162,5
2163,2
2164,4
2165,4
2166,4
2167,6
2168,9
2169,5
2170,2
2171,2
2172,2
2173,8
2174,5
2175,9
2176,4
2177,8
2178,6
2179,9
2180,8
2181,4
2182,6
2183,2
2184,8
2185,5
2186,6
2187,2
2188,2
2189,9
2190,5
2191,4
2192,2
2193,7
2194,2
2195,2
2196,2
2197,2
2198,2
2199,2
2200,5
2201,2
2202,2
2203,2
2204,2
2205,4
2206,4
2207,2
2208,7
2209,6
2210,2
2211,2
2212,2
2213,9
2214,4
2215,4
2216,7
2217,5
2218,2
2219,2
2220,2
2221,2
2222,2
2223,5
2224,2
2225,4
2226,6
2227,2
2228,2
2229,8
2230,4
2231,2
2232,2
2233,4
2234,2
2235,4
2236,2
2237,7
2238,2
2239,6
2240,4
2241,2
2242,2
2243,2
2244,2
2245,2
2246,4
2247,5
2248,4
2249,4
2250,7
2251,8
2252,2
2253,9
2254,2
2255,2
2256,4
2257,8
2258,4
2259,2
2260,8
2261,3
2262,2
2263,2
2264,2
2265,4
2266,4
2267,4
2268,2
2269,4
2270,2
2271,4
2272,5
2273,4
2274,4
2275,4
2276,2
2277,2
2278,4
2279,5
2280,2
2281,2
2282,5
2283,4
2284,2
2285,4
2286,4
2287,2
2288,2
2289,2
2290,5
2291,4
2292,4
2293,7
2294,2
2295,2
2296,2
2297,1
2298,2
2299,5
2300,9
2301,2
2302,9
2303,2
2304,2
2305,4
2306,2
2307,2
2308,6
2309,2
2310,2
2311,2
2312,8
2313,2
2314,4
2315,1
2316,2
2317,4
2318,8
2319,6
2320,2
2321,4
2322,2
2323,2
2324,4
2325,9
2326,2
2327,4
2328,2
2329,3
2330,2
2331,1
2332,2
2333,4
2334,2
2335,2
2336,4
2337,4
2338,9
2339,2
2340,4
2341,4
2342,1
2343,2
2344,5
2345,2
2346,2
2347,4
2348,4
2349,5
2350,2
2351,8
2352,2
2353,4
2354,2
2355,4
2356,2
2357,9
2358,5
2359,2
2360,2
2361,2
2362,4
2363,2
2364,2
2365,5
2366,2
2367,2
2368,2
2369,4
2370,4
2371,5
2372,4
2373,9
2374,2
2375,2
2376,4
2377,2
2378,3
2379,2
2380,8
2381,5
2382,4
2383,1
2384,5
2385,2
2386,3
2387,4
2388,2
2389,9
2390,4
2391,4
2392,4
2393,2
2394,8
2395,2
2396,2
2397,2
2398,2
2399,3
2400,4
2401,2
2402,2
2403,2
2404,4
2405,2
2406,4
2407,2
2408,8
2409,2
2410,2
2411,2
2412,1
2413,2
2414,4
2415,4
2416,2
2417,8
2418,2
2419,4
2420,1
2421,4
2422,2
2423,4
2424,4
2425,2
2426,2
2427,2
2428,4
2429,2
2430,2
2431,8
2432,9
2433,4
2434,4
2435,4
2436,4
2437,4
2438,2
2439,4
2440,4
2441,6
2442,5
2443,4
2444,2
2445,7
2446,4
2447,9
2448,2
2449,5
2450,2
2451,2
2452,3
2453,2
2454,2
2455,8
2456,4
2457,4
2458,5
2459,2
2460,2
2461,2
2462,2
2463,2
2464,4
2465,4
2466,2
2467,9
2468,2
2469,2
2470,4
2471,4
2472,8
2473,2
2474,4
2475,9
2476,9
2477,4
2478,2
2479,3
2480,8
2481,2
2482,9
2483,4
2484,4
2485,5
2486,4
2487,2
2488,4
2489,4
2490,4
2491,4
2492,4
2493,5
2494,2
2495,5
2496,4
2497,2
2498,4
2499,2
2500,4
2501,2
2502,5
2503,4
2504,4
2505,4
2506,5
2507,4
2508,2
2509,4
2510,4
2511,4
2512,3
2513,5
2514,4
2515,5
2516,2
2517,2
2518,4
2519,4
2520,7
2521,2
2522,2
2523,2
2524,5
2525,4
2526,2
2527,7
2528,2
2529,2
2530,6
2531,2
2532,4
2533,4
2534,9
2535,2
2536,4
2537,2
2538,4
2539,5
2540,4
2541,2
2542,4
2543,6
2544,4
2545,5
2546,4
2547,2
2548,2
2549,2
2550,8
2551,2
2552,2
2553,4
2554,2
2555,7
2556,4
2557,4
2558,2
2559,5
2560,3
2561,2
2562,5
2563,3
2564,9
2565,4
2566,2
2567,1
2568,4
2569,5
2570,5
2571,3
2572,4
2573,3
2574,8
2575,5
2576,4
2577,8
2578,2
2579,2
2580,6
2581,2
2582,2
2583,3
2584,6
2585,4
2586,2
2587,5
2588,2
2589,9
2590,2
2591,2
2592,1
2593,8
2594,6
2595,6
2596,6
2597,3
2598,4
2599,4
2600,2
2601,5
2602,4
2603,2
2604,2
2605,4
2606,5
2607,2
2608,4
2609,2
2610,9
2611,4
2612,2
2613,2
2614,2
2615,2
2616,4
2617,2
2618,2
2619,2
2620,2
2621,4
2622,4
2623,1
2624,4
2625,4
2626,2
2627,2
2628,5
2629,2
2630,4
2631,2
2632,4
2633,2
2634,4
2635,1
2636,4
2637,4
2638,4
2639,4
2640,4
2641,2
2642,5
2643,4
2644,2
2645,2
2646,4
2647,9
2648,4
2649,2
2650,4
2651,2
2652,5
2653,2
2654,2
2655,2
2656,2
2657,3
2658,4
2659,4
2660,2
2661,2
2662,2
2663,2
2664,4
2665,6
2666,4
2667,2
2668,2
2669,2
2670,2
2671,2
2672,2
2673,8
2674,2
2675,2
2676,2
2677,2
2678,1
2679,3
2680,2
2681,8
2682,9
2683,4
2684,5
2685,2
2686,2
2687,2
2688,4
2689,4
2690,4
2691,2
2692,2
2693,2
2694,2
2695,2
2696,9
2697,2
2698,3
2699,4
2700,2
2701,2
2702,3
2703,2
2704,2
2705,8
2706,2
2707,8
2708,8
2709,2
2710,2
2711,4
2712,2
2713,8
2714,4
2715,5
2716,4
2717,4
2718,7
2719,4
2720,2
2721,4
2722,4
2723,4
2724,4
2725,4
2726,4
2727,4
2728,2
2729,4
2730,4
2731,4
2732,4
2733,4
2734,4
2735,4
2736,4
2737,2
2738,7
2739,4
2740,7
2741,4
2742,2
2743,2
2744,2
2745,9
2746,8
2747,2
2748,4
2749,4
2750,8
2751,7
2752,9
2753,7
2754,2
2755,3
2756,2
2757,2
2758,4
2759,8
2760,6
2761,4
2762,2
2763,8
2764,6
2765,2
2766,2
2767,2
2768,2
2769,2
2770,4
2771,6
2772,2
2773,2
2774,6
2775,2
2776,2
2777,9
2778,2
2779,3
2780,8
2781,2
2782,2
2783,2
2784,2
2785,4
2786,6
2787,4
2788,7
2789,7
2790,4
2791,5
2792,2
2793,2
2794,4
2795,5
2796,2
2797,2
2798,2
2799,8
2800,2
2801,4
2802,8
2803,2
2804,3
2805,2
2806,4
2807,2
2808,7
2809,2
2810,8
2811,4
2812,6
2813,6
2814,2
2815,6
2816,2
2817,4
2818,4
2819,2
2820,5
2821,2
2822,2
2823,8
2824,4
2825,2
2826,2
2827,4
2828,2
2829,7
2830,2
2831,5
2832,2
2833,2
2834,2
2835,2
2836,2
2837,8
2838,2
2839,2
2840,5
2841,4
2842,6
2843,2
2844,2
2845,2
2846,8
2847,4
2848,8
2849,6
2850,2
2851,4
2852,2
2853,8
2854,2
2855,4
2856,2
2857,4
2858,6
2859,6
2860,2
2861,3
2862,4
2863,4
2864,8
2865,4
2866,2
2867,2
2868,2
2869,4
2870,4
2871,2
2872,2
2873,2
2874,4
2875,2
2876,2
2877,7
2878,4
2879,4
2880,2
2881,2
2882,2
2883,2
2884,2
2885,2
2886,4
2887,2
2888,5
2889,4
2890,2
2891,2
2892,2
2893,2
2894,9
2895,2
2896,2
2897,4
2898,8
2899,2
2900,5
2901,2
2902,5
2903,5
2904,8
2905,2
2906,8
2907,2
2908,8
2909,1
2910,6
2911,6
2912,10
2913,2
2914,2
2915,2
2916,5
2917,4
2918,2
2919,4
2920,5
2921,2
2922,2
2923,4
2924,2
2925,5
2926,4
2927,6
2928,7
2929,8
2930,5
2931,4
2932,2
2933,2
2934,1
2935,2
2936,4
2937,4
2938,6
2939,4
2940,8
2941,4
2942,4
2943,4
2944,8
2945,2
2946,2
2947,4
2948,4
2949,2
2950,2
2951,1
2952,3
2953,4
2954,5
2955,4
2956,2
2957,2
2958,4
2959,2
2960,2
2961,8
2962,1
2963,7
2964,9
2965,5
2966,2
2967,4
2968,6
2969,2
2970,9
2971,2
2972,2
2973,2
2974,4
2975,2
2976,2
2977,2
2978,4
2979,2
2980,2
2981,4
2982,2
2983,4
2984,5
2985,2
2986,4
2987,4
2988,2
2989,3
2990,2
2991,2
2992,2
2993,4
2994,2
2995,2
2996,5
2997,2
2998,2
2999,4
3000,4
3001,4
3002,2
3003,2
3004,2
3005,4
3006,5
3007,4
3008,4
3009,8
3010,2
3011,2
3012,2
3013,4
3014,5
3015,4
3016,4
3017,3
3018,2
3019,8
3020,4
3021,4
3022,8
3023,4
3024,2
3025,2
3026,8
3027,2
3028,2
3029,6
3030,2
3031,9
3032,4
3033,2
3034,4
3035,2
3036,7
3037,2
3038,2
3039,8
3040,6
3041,2
3042,2
3043,2
3044,8
3045,2
3046,4
3047,4
3048,5
3049,4
3050,2
3051,2
3052,4
3053,4
3054,4
3055,5
3056,5
3057,7
3058,6
3059,7
3060,10
3061,2
3062,2
3063,10
3064,2
3065,9
3066,2
3067,7
3068,2
3069,8
3070,7
3071,2
3072,4
3073,2
3074,8
3075,2
3076,2
3077,4
3078,4
3079,2
3080,5
3081,1
3082,2
3083,2
3084,7
3085,6
3086,7
3087,2
3088,4
3089,4
3090,2
3091,2
3092,4
3093,2
3094,2
3095,2
3096,2
3097,2
3098,8
3099,5
3100,1
3101,8
3102,8
3103,1
3104,2
3105,4
3106,5
3107,5
3108,8
3109,4
3110,6
3111,5
3112,2
3113,4
3114,2
3115,5
3116,2
3117,1
3118,2
3119,5
3120,2
3121,2
3122,2
3123,2
3124,2
3125,2
3126,8
3127,4
3128,5
3129,6
3130,4
3131,2
3132,4
3133,2
3134,4
3135,4
3136,4
3137,4
3138,5
3139,4
3140,4
3141,4
3142,4
3143,5
3144,4
3145,2
3146,4
3147,7
3148,4
3149,7
3150,4
3151,8
3152,2
3153,2
3154,4
3155,4
3156,2
3157,2
3158,2
3159,2
3160,4
3161,2
3162,5
3163,8
3164,4
3165,1
3166,2
3167,4
3168,4
3169,5
3170,8
3171,2
3172,2
3173,7
3174,5
3175,2
3176,4
3177,2
3178,2
3179,4
3180,5
3181,5
3182,2
3183,2
3184,2
3185,5
3186,4
3187,2
3188,2
3189,3
3190,5
3191,8
3192,2
3193,2
3194,4
3195,2
3196,4
3197,5
3198,4
3199,5
3200,6
3201,4
3202,4
3203,2
3204,2
3205,4
3206,9
3207,4
3208,4
3209,6
3210,2
3211,2
3212,2
3213,2
3214,2
3215,2
3216,2
3217,4
3218,4
3219,5
3220,4
3221,2
3222,5
3223,2
3224,8
3225,4
3226,7
3227,2
3228,8
3229,2
3230,6
3231,2
3232,6
3233,2
3234,4
3235,2
3236,8
3237,4
3238,2
3239,4
3240,2
3241,2
3242,5
3243,2
3244,2
3245,2
3246,2
3247,7
3248,7
3249,4
3250,2
3251,2
3252,4
3253,2
3254,9
3255,4
3256,2
3257,2
3258,4
3259,2
3260,2
3261,2
3262,1
3263,8
3264,4
3265,8
3266,4
3267,5
3268,2
3269,4
3270,2
3271,4
3272,5
3273,5
3274,3
3275,2
3276,6
3277,5
3278,4
3279,4
3280,2
3281,4
3282,2
3283,4
3284,2
3285,4
3286,2
3287,4
3288,2
3289,4
3290,2
3291,8
3292,4
3293,2
3294,2
3295,4
3296,7
3297,1
3298,2
3299,2
3300,4
3301,2
3302,4
3303,4
3304,9
3305,5
3306,2
3307,2
3308,8
3309,2
3310,8
3311,5
3312,4
3313,2
3314,2
3315,6
3316,7
3317,9
3318,5
3319,6
3320,5
3321,6
3322,5
3323,5
3324,6
3325,6
3326,9
3327,2
3328,5
3329,2
3330,2
3331,4
3332,5
3333,2
3334,5
3335,4
3336,2
3337,4
3338,5
3339,3
3340,5
3341,4
3342,4
3343,4
3344,5
3345,2
3346,7
3347,2
3348,8
3349,2
3350,2
3351,6
3352,2
3353,2
3354,2
3355,2
3356,2
3357,2
3358,2
3359,4
3360,2
3361,4
3362,4
3363,2
3364,2
3365,4
3366,5
3367,9
3368,5
3369,9
3370,2
3371,2
3372,2
3373,8
3374,2
3375,2
3376,2
3377,5
3378,4
3379,5
3380,2
3381,2
3382,4
3383,2
3384,1
3385,4
3386,2
3387,5
3388,4
3389,2
3390,8
3391,7
3392,1
3393,4
3394,6
3395,6
3396,6
3397,6
3398,6
3399,2
3400,2
3401,5
3402,6
3403,4
3404,6
3405,7
3406,2
3407,7
3408,2
3409,2
3410,8
3411,2
3412,4
3413,4
3414,4
3415,4
3416,5
3417,2
3418,2
3419,2
3420,2
3421,4
3422,8
3423,2
3424,2
3425,4
3426,2
3427,4
3428,2
3429,2
3430,2
3431,2
3432,4
3433,2
3434,2
3435,2
3436,7
3437,4
3438,4
3439,1
3440,4
3441,2
3442,2
3443,7
3444,4
3445,7
3446,4
3447,2
3448,4
3449,2
3450,5
3451,2
3452,5
3453,2
3454,5
3455,2
3456,6
3457,6
3458,2
3459,2
3460,2
3461,5
3462,4
3463,4
3464,2
3465,2
3466,4
3467,2
3468,2
3469,5
3470,6
3471,7
3472,2
3473,10
3474,4
3475,5
3476,10
3477,8
3478,2
3479,2
3480,5
3481,5
3482,2
3483,5
3484,2
3485,2
3486,2
3487,4
3488,1
3489,2
3490,4
3491,9
3492,2
3493,4
3494,4
3495,8
3496,2
3497,2
3498,2
3499,2
3500,2
3501,2
3502,2
3503,2
3504,2
3505,2
3506,4
3507,2
3508,2
3509,6
3510,2
3511,4
3512,2
3513,2
3514,5
3515,4
3516,2
3517,4
3518,5
3519,2
3520,2
3521,4
3522,2
3523,4
3524,5
3525,2
3526,2
3527,2
3528,4
3529,2
3530,2
3531,2
3532,2
3533,4
3534,4
3535,2
3536,9
3537,4
3538,4
3539,2
3540,6
3541,9
3542,4
3543,2
3544,4
3545,10
3546,4
3547,6
3548,2
3549,2
3550,5
3551,4
3552,5
3553,2
3554,6
3555,2
3556,5
3557,4
3558,2
3559,2
3560,2
3561,2
3562,2
3563,4
3564,5
3565,4
3566,5
3567,4
3568,4
3569,2
3570,2
3571,2
3572,5
3573,2
3574,9
3575,2
3576,2
3577,2
3578,2
3579,4
3580,2
3581,7
3582,2
3583,1
3584,4
3585,6
3586,2
3587,2
3588,2
3589,2
3590,2
3591,2
3592,2
3593,2
3594,4
3595,2
3596,2
3597,2
3598,2
3599,7
3600,4
3601,2
3602,2
3603,2
3604,7
3605,2
3606,4
3607,2
3608,2
3609,4
3610,2
3611,5
3612,2
3613,2
3614,2
3615,2
3616,2
3617,4
3618,2
3619,4
3620,2
3621,2
3622,2
3623,2
3624,2
3625,5
3626,2
3627,4
3628,5
3629,2
3630,8
3631,4
3632,4
3633,2
3634,2
3635,2
3636,2
3637,5
3638,2
3639,4
3640,2
3641,4
3642,2
3643,2
3644,2
3645,6
3646,2
3647,2
3648,4
3649,4
3650,4
3651,2
3652,2
3653,2
3654,4
3655,7
3656,2
3657,4
3658,4
3659,4
3660,7
3661,4
3662,5
3663,4
3664,5
3665,4
3666,4
3667,5
3668,7
3669,2
3670,2
3671,2
3672,2
3673,2
3674,4
3675,4
3676,2
3677,4
3678,6
3679,4
3680,2
3681,9
3682,9
3683,4
3684,4
3685,2
3686,4
3687,2
3688,2
3689,4
3690,4
3691,4
3692,5
3693,6
3694,2
3695,6
3696,7
3697,2
3698,2
3699,2
3700,4
3701,2
3702,2
3703,2
3704,4
3705,2
3706,2
3707,2
3708,6
3709,2
3710,5
3711,2
3712,2
3713,5
3714,4
3715,4
3716,2
3717,4
3718,8
3719,2
3720,2
3721,2
3722,2
3723,5
3724,2
3725,2
3726,4
3727,4
3728,2
3729,2
3730,2
3731,4
3732,2
3733,4
3734,2
3735,8
3736,2
3737,2
3738,2
3739,5
3740,4
3741,4
3742,4
3743,2
3744,2
3745,2
3746,5
3747,2
3748,5
3749,2
3750,2
3751,2
3752,4
3753,2
3754,1
3755,2
3756,2
3757,5
3758,2
3759,2
3760,2
3761,6
3762,2
3763,2
3764,2
3765,5
3766,5
3767,3
3768,5
3769,2
3770,6
3771,2
3772,2
3773,2
3774,4
3775,2
3776,2
3777,4
3778,6
3779,4
3780,9
3781,2
3782,4
3783,4
3784,2
3785,4
3786,2
3787,4
3788,2
3789,2
3790,2
3791,2
3792,2
3793,2
3794,2
3795,2
3796,5
3797,2
3798,2
3799,4
3800,2
3801,2
3802,2
3803,2
3804,5
3805,4
3806,2
3807,9
3808,2
3809,2
3810,4
3811,4
3812,2
3813,2
3814,2
3815,4
3816,2
3817,2
3818,2
3819,5
3820,2
3821,5
3822,6
3823,2
3824,6
3825,4
3826,8
3827,4
3828,2
3829,2
3830,9
3831,4
3832,4
3833,2
3834,2
3835,4
3836,2
3837,2
3838,2
3839,2
3840,4
3841,2
3842,8
3843,2
3844,5
3845,5
3846,4
3847,5
3848,4
3849,5
3850,4
3851,5
3852,4
3853,4
3854,4
3855,4
3856,4
3857,4
3858,2
3859,2
3860,4
3861,2
3862,7
3863,2
3864,8
3865,5
3866,2
3867,4
3868,2
3869,5
3870,8
3871,2
3872,2
3873,3
3874,2
3875,4
3876,2
3877,4
3878,2
3879,2
3880,2
3881,4
3882,4
3883,2
3884,2
3885,2
3886,2
3887,2
3888,2
3889,2
3890,2
3891,5
3892,4
3893,5
3894,8
3895,2
3896,2
3897,4
3898,2
3899,2
3900,4
3901,2
3902,5
3903,2
3904,8
3905,2
3906,8
3907,2
3908,2
3909,8
3910,6
3911,2
3912,4
3913,2
3914,2
3915,4
3916,4
3917,4
3918,4
3919,5
3920,2
3921,2
3922,2
3923,2
3924,2
3925,2
3926,2
3927,4
3928,4
3929,2
3930,4
3931,1
3932,5
3933,4
3934,4
3935,2
3936,2
3937,2
3938,2
3939,5
3940,4
3941,2
3942,5
3943,2
3944,7
3945,2
3946,4
3947,2
3948,2
3949,2
3950,4
3951,4
3952,2
3953,2
3954,7
3955,4
3956,2
3957,2
3958,2
3959,4
3960,4
3961,4
3962,6
3963,4
3964,2
3965,2
3966,2
3967,8
3968,2
3969,4
3970,2
3971,2
3972,2
3973,2
3974,5
3975,5
3976,4
3977,4
3978,2
3979,2
3980,6
3981,2
3982,2
3983,2
3984,2
3985,4
3986,2
3987,2
3988,5
3989,6
3990,4
3991,4
3992,4
3993,2
3994,2
3995,5
3996,2
3997,4
3998,5
3999,2
4000,2
4001,1
4002,2
4003,2
4004,2
4005,2
4006,8
4007,2
4008,2
4009,2
4010,2
4011,2
4012,4
4013,4
4014,4
4015,7
4016,4
4017,2
4018,4
4019,4
4020,2
4021,4
4022,2
4023,4
4024,4
4025,8
4026,2
4027,4
4028,4
4029,2
4030,4
4031,2
4032,4
4033,2
4034,2
4035,2
4036,5
4037,5
4038,2
4039,4
4040,4
4041,2
4042,2
4043,2
4044,2
4045,2
4046,2
4047,4
4048,2
4049,2
4050,2
4051,2
4052,2
4053,4
4054,2
4055,2
4056,7
4057,2
4058,4
4059,9
4060,4
4061,9
4062,4
4063,5
4064,4
4065,2
4066,3
4067,2
4068,2
4069,2
4070,4
4071,5
4072,4
4073,5
4074,4
4075,5
4076,4
4077,4
4078,2
4079,2
4080,2
4081,2
4082,5
4083,2
4084,2
4085,2
4086,2
4087,2
4088,2
4089,5
4090,5
4091,5
4092,2
4093,5
4094,2
4095,4
4096,8
4097,2
4098,2
4099,2
4100,4
4101,2
4102,2
4103,4
4104,4
4105,2
4106,2
4107,4
4108,2
4109,4
4110,2
4111,2
4112,4
4113,4
4114,2
4115,6
4116,2
4117,4
4118,5
4119,4
4120,2
4121,2
4122,5
4123,5
4124,2
4125,2
4126,2
4127,4
4128,2
4129,2
4130,2
4131,2
4132,4
4133,4
4134,2
4135,4
4136,2
4137,2
4138,9
4139,7
4140,7
4141,6
4142,7
4143,2
4144,2
4145,2
4146,6
4147,8
4148,5
4149,2
4150,6
4151,4
4152,4
4153,4
4154,4
4155,2
4156,2
4157,2
4158,4
4159,2
4160,4
4161,4
4162,4
4163,2
4164,2
4165,2
4166,2
4167,2
4168,2
4169,2
4170,2
4171,2
4172,4
4173,2
4174,2
4175,2
4176,2
4177,2
4178,4
4179,2
4180,4
4181,4
4182,2
4183,2
4184,9
4185,2
4186,4
4187,4
4188,4
4189,4
4190,4
4191,2
4192,4
4193,2
4194,2
4195,2
4196,2
4197,4
4198,2
4199,2
4200,2
4201,2
4202,2
4203,7
4204,2
4205,2
4206,2
4207,6
4208,2
4209,5
4210,4
4211,4
4212,2
4213,4
4214,2
4215,5
4216,4
4217,4
4218,3
4219,5
4220,4
4221,2
4222,2
4223,2
4224,7
4225,2
4226,2
4227,2
4228,5
4229,2
4230,2
4231,2
4232,2
4233,2
4234,2
4235,2
4236,2
4237,2
4238,2
4239,2
4240,2
4241,2
4242,4
4243,5
4244,4
4245,2
4246,2
4247,2
4248,2
4249,2
4250,4
4251,4
4252,2
4253,2
4254,2
4255,2
4256,2
4257,2
4258,4
4259,4
4260,2
4261,5
4262,4
4263,5
4264,4
4265,2
4266,2
4267,5
4268,2
4269,8
4270,4
4271,4
4272,2
4273,4
4274,2
4275,2
4276,2
4277,2
4278,8
4279,5
4280,4
4281,2
4282,2
4283,2
4284,2
4285,2
4286,2
4287,9
4288,4
4289,4
4290,5
4291,5
4292,8
4293,8
4294,2
4295,1
4296,5
4297,2
4298,4
4299,2
4300,2
4301,5
4302,2
4303,4
4304,2
4305,4
4306,2
4307,8
4308,2
4309,2
4310,2
4311,2
4312,7
4313,2
4314,5
4315,2
4316,4
4317,2
4318,1
4319,9
4320,1
4321,2
4322,2
4323,2
4324,6
4325,2
4326,2
4327,4
4328,2
4329,4
4330,4
4331,2
4332,2
4333,2
4334,2
4335,4
4336,4
4337,4
4338,5
4339,4
4340,4
4341,9
4342,4
4343,2
4344,4
4345,6
4346,2
4347,2
4348,2
4349,2
4350,2
4351,2
4352,5
4353,6
4354,5
4355,2
4356,1
4357,2
4358,2
4359,2
4360,7
4361,2
4362,2
4363,2
4364,5
4365,6
4366,2
4367,2
4368,2
4369,4
4370,5
4371,2
4372,7
4373,7
4374,3
4375,2
4376,4
4377,5
4378,2
4379,10
4380,4
4381,4
4382,4
4383,2
4384,2
4385,9
4386,8
4387,9
4388,2
4389,5
4390,6
4391,3
4392,4
4393,2
4394,2
4395,4
4396,4
4397,4
4398,2
4399,4
4400,2
4401,5
4402,4
4403,2
4404,2
4405,8
4406,2
4407,2
4408,6
4409,2
4410,2
4411,2
4412,4
4413,2
4414,4
4415,2
4416,9
4417,4
4418,9
4419,8
4420,2
4421,4
4422,4
4423,4
4424,4
4425,4
4426,4
4427,4
4428,4
4429,5
4430,4
4431,6
4432,4
4433,4
4434,5
4435,2
4436,2
4437,2
4438,4
4439,2
4440,4
4441,4
4442,2
4443,4
4444,4
4445,5
4446,2
4447,4
4448,2
4449,4
4450,4
4451,2
4452,2
4453,4
4454,2
4455,4
4456,4
4457,4
4458,4
4459,4
4460,4
4461,2
4462,5
4463,2
4464,2
4465,4
4466,5
4467,3
4468,2
4469,8
4470,2
4471,4
4472,2
4473,1
4474,2
4475,4
4476,4
4477,2
4478,2
4479,5
4480,4
4481,2
4482,4
4483,2
4484,4
4485,1
4486,2
4487,2
4488,4
4489,5
4490,5
4491,2
4492,2
4493,3
4494,2
4495,4
4496,2
4497,4
4498,6
4499,2
4500,2
4501,2
4502,2
4503,2
4504,5
4505,2
4506,2
4507,2
4508,2
4509,2
4510,4
4511,2
4512,7
4513,2
4514,2
4515,2
4516,4
4517,4
4518,5
4519,2
4520,8
4521,2
4522,5
4523,8
4524,2
4525,8
4526,2
4527,4
4528,6
4529,1
4530,4
4531,4
4532,4
4533,2
4534,8
4535,6
4536,2
4537,5
4538,1
4539,2
4540,8
4541,2
4542,2
4543,2
4544,2
4545,2
4546,2
4547,2
4548,8
4549,2
4550,2
4551,2
4552,4
4553,8
4554,2
4555,4
4556,2
4557,4
4558,3
4559,4
4560,4
4561,4
4562,4
4563,2
4564,5
4565,4
4566,4
4567,2
4568,4
4569,4
4570,5
4571,2
4572,4
4573,4
4574,4
4575,5
4576,4
4577,4
4578,4
4579,4
4580,4
4581,4
4582,4
4583,4
4584,5
4585,4
4586,5
4587,4
4588,4
4589,4
4590,6
4591,6
4592,2
4593,4
4594,4
4595,5
4596,4
4597,4
4598,4
4599,4
4600,5
4601,4
4602,4
4603,5
4604,4
4605,4
4606,4
4607,2
4608,5
4609,4
4610,4
4611,2
4612,4
4613,4
4614,4
4615,5
4616,4
4617,3
4618,2
4619,2
4620,2
4621,4
4622,2
4623,7
4624,7
4625,2
4626,2
4627,2
4628,2
4629,4
4630,2
4631,2
4632,2
4633,4
4634,5
4635,7
4636,4
4637,2
4638,5
4639,2
4640,2
4641,6
4642,2
4643,2
4644,4
4645,4
4646,2
4647,2
4648,2
4649,9
4650,2
4651,4
4652,7
4653,7
4654,2
4655,2
4656,2
4657,5
4658,1
4659,7
4660,2
4661,4
4662,2
4663,2
4664,4
4665,2
4666,2
4667,2
4668,4
4669,2
4670,5
4671,2
4672,2
4673,2
4674,2
4675,2
4676,2
4677,5
4678,5
4679,2
4680,4
4681,4
4682,4
4683,2
4684,2
4685,2
4686,2
4687,2
4688,4
4689,2
4690,2
4691,4
4692,4
4693,4
4694,1
4695,4
4696,4
4697,5
4698,2
4699,4
4700,2
4701,4
4702,2
4703,4
4704,2
4705,5
4706,5
4707,2
4708,5
4709,2
4710,4
4711,4
4712,4
4713,5
4714,4
4715,2
4716,5
4717,2
4718,7
4719,2
4720,2
4721,5
4722,2
4723,4
4724,4
4725,4
4726,2
4727,4
4728,4
4729,5
4730,4
4731,4
4732,4
4733,4
4734,4
4735,4
4736,4
4737,4
4738,5
4739,9
4740,2
4741,2
4742,2
4743,4
4744,2
4745,2
4746,5
4747,4
4748,2
4749,2
4750,2
4751,2
4752,2
4753,2
4754,4
4755,2
4756,5
4757,2
4758,2
4759,5
4760,2
4761,3
4762,2
4763,7
4764,2
4765,6
4766,3
4767,2
4768,4
4769,4
4770,4
4771,9
4772,2
4773,4
4774,2
4775,2
4776,2
4777,2
4778,2
4779,2
4780,2
4781,5
4782,4
4783,4
4784,2
4785,5
4786,2
4787,2
4788,2
4789,2
4790,4
4791,4
4792,2
4793,4
4794,4
4795,2
4796,5
4797,4
4798,4
4799,4
4800,4
4801,4
4802,2
4803,2
4804,2
4805,4
4806,2
4807,2
4808,2
4809,2
4810,2
4811,4
4812,2
4813,8
4814,7
4815,2
4816,2
4817,2
4818,2
4819,4
4820,1
4821,2
4822,2
4823,2
4824,2
4825,2
4826,2
4827,2
4828,9
4829,2
4830,1
4831,2
4832,6
4833,6
4834,2
4835,2
4836,2
4837,2
4838,4
4839,7
4840,4
4841,2
4842,2
4843,2
4844,2
4845,4
4846,2
4847,2
4848,2
4849,2
4850,2
4851,2
4852,4
4853,7
4854,2
4855,4
4856,2
4857,6
4858,7
4859,2
4860,2
4861,2
4862,1
4863,2
4864,2
4865,2
4866,4
4867,2
4868,2
4869,4
4870,5
4871,2
4872,4
4873,2
4874,10
4875,9
4876,2
4877,2
4878,5
4879,2
4880,7
4881,4
4882,2
4883,2
4884,2
4885,2
4886,2
4887,4
4888,5
4889,2
4890,2
4891,2
4892,3
4893,6
4894,6
4895,6
4896,6
4897,6
4898,6
4899,6
4900,4
4901,5
4902,8
4903,2
4904,4
4905,4
4906,2
4907,2
4908,4
4909,4
4910,2
4911,5
4912,2
4913,4
4914,5
4915,4
4916,2
4917,5
4918,6
4919,2
4920,5
4921,2
4922,2
4923,5
4924,2
4925,2
4926,2
4927,2
4928,8
4929,4
4930,2
4931,6
4932,2
4933,2
4934,2
4935,2
4936,2
4937,4
4938,4
4939,2
4940,2
4941,2
4942,2
4943,5
4944,8
4945,2
4946,2
4947,5
4948,4
4949,5
4950,2
4951,2
4952,2
4953,4
4954,4
4955,4
4956,5
4957,4
4958,2
4959,8
4960,2
4961,2
4962,2
4963,2
4964,2
4965,2
4966,8
4967,8
4968,4
4969,4
4970,2
4971,2
4972,2
4973,2
4974,2
4975,2
4976,4
4977,2
4978,5
4979,2
4980,4
4981,2
4982,2
4983,1
4984,2
4985,4
4986,2
4987,2
4988,2
4989,4
4990,2
4991,7
4992,4
4993,2
4994,2
4995,2
4996,9
4997,8
4998,2
4999,4
5000,9
5001,2
5002,2
5003,2
5004,2
5005,2
5006,2
5007,2
5008,4
5009,5
5010,4
5011,8
5012,4
5013,5
5014,2
5015,5
5016,2
5017,2
5018,2
5019,2
5020,2
5021,4
5022,4
5023,2
5024,2
5025,2
5026,2
5027,4
5028,2
5029,2
5030,2
5031,4
5032,2
5033,2
5034,5
5035,2
5036,7
5037,4
5038,2
5039,2
5040,2
5041,4
5042,4
5043,2
5044,5
5045,4
5046,5
5047,4
5048,1
5049,2
5050,2
5051,2
5052,4
5053,2
5054,2
5055,2
5056,5
5057,4
5058,2
5059,2
5060,2
5061,2
5062,2
5063,2
5064,7
5065,8
5066,2
5067,2
5068,2
5069,2
5070,2
5071,5
5072,4
5073,1
5074,2
5075,2
5076,2
5077,2
5078,4
5079,2
5080,4
5081,4
5082,5
5083,2
5084,4
5085,4
5086,2
5087,2
5088,2
5089,2
5090,5
5091,2
5092,1
5093,2
5094,4
5095,2
5096,4
5097,4
5098,2
5099,7
5100,2
5101,2
5102,8
5103,8
5104,2
5105,4
5106,4
5107,4
5108,2
5109,2
5110,4
5111,2
5112,5
5113,4
5114,2
5115,2
5116,9
5117,8
5118,2
5119,4
5120,2
5121,2
5122,9
5123,2
5124,1
5125,2
5126,4
5127,4
5128,2
5129,4
5130,2
5131,4
5132,4
5133,4
5134,7
5135,2
5136,2
5137,2
5138,6
5139,7
5140,4
5141,6
5142,5
5143,7
5144,4
5145,7
5146,4
5147,2
5148,4
5149,2
5150,2
5151,2
5152,1
5153,4
5154,2
5155,4
5156,2
5157,2
5158,2
5159,4
5160,2
5161,6
5162,5
5163,5
5164,5
5165,2
5166,2
5167,6
5168,8
5169,2
5170,4
5171,2
5172,2
5173,2
5174,2
5175,7
5176,2
5177,2
5178,2
5179,2
5180,8
5181,9
5182,8
5183,2
5184,1
5185,4
5186,2
5187,5
5188,2
5189,5
5190,9
5191,2
5192,2
5193,2
5194,4
5195,4
5196,4
5197,2
5198,8
5199,1
5200,3
5201,4
5202,4
5203,8
5204,8
5205,2
5206,2
5207,2
5208,2
5209,5
5210,4
5211,2
5212,2
5213,2
5214,2
5215,4
5216,5
5217,4
5218,4
5219,2
5220,6
5221,5
5222,9
5223,4
5224,2
5225,2
5226,2
5227,2
5228,2
5229,2
5230,2
5231,2
5232,5
5233,7
5234,2
5235,2
5236,2
5237,7
5238,7
5239,2
5240,2
5241,1
5242,7
5243,4
5244,6
5245,4
5246,5
5247,4
5248,4
5249,4
5250,2
5251,4
5252,2
5253,2
5254,4
5255,5
5256,4
5257,2
5258,4
5259,2
5260,5
5261,2
5262,2
5263,4
5264,4
5265,11
5266,2
5267,2
5268,8
5269,4
5270,6
5271,2
5272,2
5273,6
5274,10
5275,2
5276,4
5277,2
5278,4
5279,2
5280,2
5281,2
5282,2
5283,2
5284,2
5285,5
5286,4
5287,4
5288,4
5289,2
5290,5
5291,4
5292,2
5293,2
5294,2
5295,2
5296,5
5297,4
5298,5
5299,4
5300,5
5301,4
5302,7
5303,2
5304,4
5305,4
5306,2
5307,2
5308,2
5309,2
5310,4
5311,2
5312,9
5313,4
5314,2
5315,2
5316,4
5317,2
5318,8
5319,2
5320,2
5321,7
5322,2
5323,1
5324,2
5325,2
5326,2
5327,2
5328,2
5329,4
5330,2
5331,2
5332,4
5333,8
5334,4
5335,2
5336,4
5337,2
5338,4
5339,4
5340,4
5341,7
5342,1
5343,2
5344,2
5345,8
5346,2
5347,2
5348,4
5349,4
5350,4
5351,4
5352,2
5353,4
5354,6
5355,5
5356,2
5357,4
5358,4
5359,2
5360,6
5361,2
5362,2
5363,4
5364,2
5365,2
5366,2
5367,2
5368,4
5369,2
5370,2
5371,4
5372,2
5373,2
5374,2
5375,2
5376,7
5377,5
5378,2
5379,2
5380,2
5381,7
5382,4
5383,5
5384,4
5385,4
5386,2
5387,4
5388,4
5389,2
5390,3
5391,4
5392,5
5393,6
5394,4
5395,2
5396,2
5397,4
5398,6
5399,2
5400,4
5401,5
5402,4
5403,4
5404,4
5405,2
5406,4
5407,4
5408,4
5409,4
5410,4
5411,4
5412,5
5413,4
5414,2
5415,7
5416,2
5417,2
5418,2
5419,4
5420,2
5421,5
5422,4
5423,7
5424,7
5425,2
5426,2
5427,2
5428,5
5429,7
5430,5
5431,2
5432,5
5433,2
5434,5
5435,5
5436,4
5437,5
5438,4
5439,4
5440,2
5441,2
5442,4
5443,2
5444,8
5445,2
5446,2
5447,2
5448,4
5449,5
5450,2
5451,4
5452,5
5453,2
5454,2
5455,2
5456,4
5457,5
5458,4
5459,7
5460,2
5461,4
5462,5
5463,4
5464,4
5465,4
5466,4
5467,5
5468,4
5469,2
5470,4
5471,2
5472,4
5473,4
5474,2
5475,2
5476,2
5477,4
5478,2
5479,2
5480,2
5481,2
5482,4
5483,4
5484,2
5485,4
5486,4
5487,2
5488,1
5489,7
5490,2
5491,2
5492,7
5493,2
5494,2
5495,6
5496,2
5497,5
5498,2
5499,2
5500,4
5501,4
5502,2
5503,2
5504,5
5505,2
5506,2
5507,2
5508,2
5509,4
5510,4
5511,4
5512,2
5513,2
5514,4
5515,2
5516,4
5517,8
5518,2
5519,2
5520,7
5521,2
5522,2
5523,2
5524,7
5525,2
5526,2
5527,5
5528,4
5529,4
5530,2
5531,4
5532,4
5533,2
5534,4
5535,2
5536,8
5537,2
5538,4
5539,2
5540,2
5541,2
5542,12
5543,2
5544,2
5545,2
5546,4
5547,2
5548,4
5549,2
5550,4
5551,2
5552,2
5553,2
5554,2
5555,2
5556,2
5557,2
5558,2
5559,7
5560,2
5561,4
5562,2
5563,2
5564,4
5565,2
5566,4
5567,6
5568,2
5569,2
5570,5
5571,3
5572,8
5573,2
5574,5
5575,4
5576,5
5577,2
5578,2
5579,7
5580,2
5581,4
5582,5
5583,2
5584,4
5585,2
5586,2
5587,2
5588,4
5589,2
5590,2
5591,2
5592,7
5593,4
5594,5
5595,4
5596,2
5597,10
5598,10
5599,4
5600,2
5601,2
5602,4
5603,2
5604,5
5605,2
5606,2
5607,2
5608,2
5609,4
5610,4
5611,2
5612,2
5613,2
5614,2
5615,2
5616,2
5617,5
5618,4
5619,4
5620,2
5621,2
5622,6
5623,2
5624,2
5625,4
5626,2
5627,2
5628,2
5629,2
5630,4
5631,2
5632,2
5633,2
5634,5
5635,2
5636,2
5637,4
5638,2
5639,2
5640,4
5641,6
5642,1
5643,4
5644,7
5645,2
5646,3
5647,2
5648,2
5649,3
5650,2
5651,4
5652,2
5653,2
5654,4
5655,2
5656,4
5657,2
5658,2
5659,2
5660,7
5661,4
5662,2
5663,2
5664,2
5665,2
5666,5
5667,2
5668,4
5669,4
5670,2
5671,4
5672,4
5673,4
5674,4
5675,5
5676,5
5677,5
5678,2
5679,2
5680,2
5681,2
5682,9
5683,4
5684,4
5685,4
5686,2
5687,4
5688,2
5689,4
5690,2
5691,2
5692,2
5693,9
5694,4
5695,2
5696,5
5697,4
5698,5
5699,4
5700,5
5701,5
5702,2
5703,2
5704,4
5705,2
5706,4
5707,2
5708,4
5709,2
5710,2
5711,4
5712,2
5713,2
5714,2
5715,2
5716,2
5717,2
5718,2
5719,2
5720,4
5721,2
5722,2
5723,2
5724,7
5725,2
5726,4
5727,5
5728,4
5729,4
5730,4
5731,2
5732,4
5733,4
5734,2
5735,6
5736,2
5737,10
5738,4
5739,5
5740,4
5741,2
5742,2
5743,2
5744,2
5745,2
5746,2
5747,2
5748,2
5749,5
5750,4
5751,4
5752,4
5753,2
5754,4
5755,2
5756,2
5757,2
5758,2
5759,2
5760,6
5761,2
5762,7
5763,5
5764,4
5765,2
5766,2
5767,4
5768,2
5769,4
5770,6
5771,2
5772,5
5773,2
5774,7
5775,2
5776,7
5777,4
5778,4
5779,2
5780,2
5781,2
5782,4
5783,2
5784,2
5785,2
5786,6
5787,2
5788,2
5789,2
5790,2
5791,2
5792,2
5793,2
5794,2
5795,13
5796,5
5797,4
5798,5
5799,2
5800,4
5801,7
5802,4
5803,2
5804,2
5805,4
5806,2
5807,4
5808,7
5809,4
5810,2
5811,2
5812,4
5813,2
5814,14
5815,4
5816,4
5817,5
5818,4
5819,4
5820,2
5821,2
5822,2
5823,4
5824,9
5825,2
5826,2
5827,4
5828,7
5829,2
5830,6
5831,2
5832,2
5833,8
5834,2
5835,4
5836,2
5837,2
5838,2
5839,6
5840,2
5841,2
5842,1
5843,2
5844,2
5845,5
5846,5
5847,2
5848,2
5849,2
5850,2
5851,2
5852,2
5853,8
5854,2
5855,2
5856,6
5857,4
5858,5
5859,8
5860,2
5861,4
5862,5
5863,2
5864,4
5865,1
5866,3
5867,4
5868,6
5869,2
5870,7
5871,6
5872,2
5873,2
5874,8
5875,8
5876,2
5877,2
5878,6
5879,2
5880,4
5881,2
5882,4
5883,5
5884,2
5885,2
5886,2
5887,2
5888,6
5889,2
5890,8
5891,2
5892,2
5893,2
5894,2
5895,4
5896,5
5897,4
5898,5
5899,2
5900,2
5901,2
5902,4
5903,7
5904,8
5905,2
5906,2
5907,4
5908,2
5909,6
5910,2
5911,2
5912,2
5913,4
5914,2
5915,6
5916,2
5917,2
5918,2
5919,4
5920,2
5921,2
5922,2
5923,2
5924,9
5925,2
5926,2
5927,2
5928,2
5929,2
5930,4
5931,5
5932,2
5933,4
5934,2
5935,5
5936,2
5937,9
5938,3
5939,2
5940,4
5941,2
5942,3
5943,4
5944,2
5945,4
5946,4
5947,5
5948,5
5949,5
5950,2
5951,5
5952,4
5953,4
5954,5
5955,2
5956,2
5957,2
5958,2
5959,1
5960,1
5961,8
5962,4
5963,2
5964,4
5965,4
5966,8
5967,4
5968,5
5969,4
5970,4
5971,4
5972,15
5973,4
5974,4
5975,4
5976,2
5977,2
5978,1
5979,2
5980,5
5981,4
5982,1
5983,2
5984,4
5985,4
5986,2
5987,4
5988,15
5989,8
5991,8
5992,2
5993,1
5994,1
5995,2
5996,2
5997,1
5998,5
5999,4
6000,8
6001,8
6002,4
6003,2
6004,8
6005,2
6006,2
6007,1
6008,2
6009,1
6010,5
6011,5
6012,4
6013,8
6014,4
6015,2
6016,15
6017,2
6018,8
6019,1
6020,8
6021,4
6022,8
6023,2
6024,8
6025,4
6026,5
6027,5
6028,8
6029,4
6030,3
6031,3
6032,8
6033,8
6034,5
6035,8
6036,4
6037,8
6038,4
6039,2
6040,8
6041,4
6042,9
6043,8
6044,2
6045,4
6046,2
6047,8
6048,1
6049,4
6050,1
6051,2
6052,2
6053,8
6054,5
6055,15
6056,2
6057,1
6058,8
6059,5
6060,1
6061,8
6062,1
6063,3
6064,2
6065,4
6066,3
6067,2
6068,4
6069,2
6070,3
6071,2
6072,2
6073,5
6074,4
6075,4
6076,4
6077,5
6078,2
6079,4
6080,5
6081,7
6082,1
6083,2
6084,2
6085,2
6086,1
6087,8
6088,15
6089,8
6090,4
6091,4
6092,8
6093,4
6094,15
6095,5
6096,15
6097,2
6098,2
6099,8
6100,2
6101,2
6102,2
6103,4
6104,4
6105,8
6106,5
6107,4
6108,4
6109,2
6110,5
6111,2
6112,3
6113,5
6114,3
6115,4
6116,8
6117,10
6118,2
6119,9
6120,2
6121,8
6122,8
6123,8
6124,8
6125,9
6126,7
6127,6
6128,9
6129,4
6130,2
6131,4
6132,4
6133,4
6134,2
6135,8
6136,8
6137,4
6138,2
6139,2
6140,5
6141,4
6142,2
6143,8
6144,8
6145,8
6146,2
6147,4
6148,8
6149,2
6150,8
6151,5
6152,10
6153,10
6154,10
6155,10
6156,4
6157,4
6158,5
6159,2
6160,2
6161,2
6162,4
6163,8
6164,8
6165,1
6166,2
6167,4
6168,4
6169,4
6170,5
6171,5
6172,1
6173,2
6174,7
6175,5
6176,2
6177,4
6178,7
6179,2
6180,15
6181,1
6182,3
6183,4
6184,4
6185,4
6186,1
6187,3
6188,8
6189,1
6190,2
6191,15
6192,2
6193,4
6194,4
6195,7
6196,4
6197,4
6198,5
6199,2
6200,8
6201,1
6202,2
6203,4
6204,4
6205,4
6206,8
6207,2
6208,15
6209,15
6210,2
6211,8
6212,8
6213,8
6214,2
6215,2
6216,2
6217,4
6218,4
6219,4
6220,2
6221,10
6222,10
6223,10
6224,2
6225,4
6226,8
6227,15
6228,2
6229,2
6230,2
6231,4
6232,2
6233,4
6234,2
6235,6
6236,6
6237,6
6238,6
6239,6
6240,7
6241,6
6242,6
6243,6
6244,6
6245,1
6246,4
6247,5
6248,8
6249,8
6250,6
6251,2
6252,1
6253,4
6254,5
6255,5
6256,4
6257,2
6258,3
6259,6
6260,9
6261,1
6262,9
6263,5
6264,4
6265,4
6266,2
6267,1
6268,1
6269,4
6270,4
6271,1
6272,3
6273,3
6274,4
6275,2
6276,2
6277,2
6278,2
6279,4
6280,4
6281,2
6282,7
6283,2
6284,3
6285,9
6286,4
6287,8
6288,4
6289,5
6290,5
6291,4
6292,7
6293,4
6294,4
6295,5
6296,4
6297,4
6298,6
6299,4
6300,2
6301,4
6302,9
6303,2
6304,1
6305,9
6306,3
6307,8
6308,2
6309,3
6310,8
6311,15
6312,8
6313,5
6314,2
6315,4
6316,2
6317,8
6318,4
6319,2
6320,2
6321,4
6322,2
6323,8
6324,4
6325,5
6326,1
6327,2
6328,8
6329,2
6330,1
6331,1
6332,8
6333,8
6334,3
6335,2
6336,4
6337,8
6338,8
6339,11
6340,1
6341,8
6342,9
6343,8
6344,1
6345,8
6346,2
6347,2
6348,9
6349,9
6350,2
6351,4
6352,4
6353,4
6354,4
6355,3
6356,4
6357,2
6358,5
6359,8
6360,2
6361,5
6362,4
6363,2
6364,4
6365,2
6366,2
6367,3
6368,2
6369,9
6370,2
6371,3
6372,4
6373,2
6374,5
6375,2
6376,2
6377,8
6378,1
6379,4
6380,8
6381,2
6382,4
6383,5
6384,5
6385,5
6386,5
6387,2
6388,9
6389,2
6390,5
6391,1
6392,2
6393,2
6394,2
6395,2
6396,4
6397,8
6398,8
6399,5
6400,4
6401,2
6402,2
6403,2
6404,4
6405,6
6406,6
6407,6
6408,4
6409,4
6410,2
6411,9
6412,2
6413,8
6414,4
6415,1
6416,8
6417,2
6418,4
6419,5
6420,2
6421,6
6422,4
6423,8
6424,8
6425,1
6426,8
6427,4
6428,1
6429,2
6430,2
6431,2
6432,15
6433,4
6434,3
6435,5
6436,2
6437,5
6438,1
6439,5
6440,4
6441,4
6442,4
6443,9
6444,3
6445,4
6446,1
6447,3
6448,1
6449,10
6450,5
6451,8
6452,5
6453,2
6454,5
6455,4
6456,4
6457,5
6458,5
6459,8
6460,4
6461,2
6462,7
6463,7
6464,7
6465,7
6466,4
6467,10
6468,2
6469,8
6470,9
6471,2
6472,2
6473,15
6474,10
6475,8
6476,2
6477,3
6478,2
6479,5
6480,9
6481,3
6482,3
6483,8
6484,7
6485,4
6486,5
6487,1
6488,5
6489,8
6490,2
6491,4
6492,2
6493,1
6494,5
6495,2
6496,5
6497,3
6498,1
6499,4
6500,2
6501,8
6502,8
6503,8
6504,1
6505,2
6506,2
6507,2
6508,2
6509,2
6510,2
6511,1
6512,1
6513,5
6514,4
6515,2
6516,4
6517,8
6518,4
6519,8
6520,4
6521,4
6522,5
6523,2
6524,2
6525,4
6526,2
6527,8
6528,2
6529,8
6530,2
6531,4
6532,4
6533,2
6534,4
6535,3
6536,2
6537,3
6538,4
6539,2
6540,9
6541,8
6542,2
6543,2
6544,1
6545,8
6546,8
6547,4
6548,2
6549,3
6550,5
6551,3
6552,2
6553,15
6554,4
6555,2
6556,8
6557,5
6558,5
6559,2
6560,2
6561,2
6562,2
6563,1
6564,5
6565,2
6566,8
6567,8
6568,2
6569,2
6570,4
6571,15
6572,2
6573,2
6574,2
6575,5
6576,8
6577,2
6578,4
6579,4
6580,1
6581,4
6582,16
6583,5
6584,8
6585,8
6586,2
6587,2
6588,2
6589,2
6590,4
6591,8
6592,15
6593,8
6594,8
6595,2
6596,2
6597,4
6598,8
6599,4
6600,2
6601,2
6602,5
6603,5
6604,2
6605,4
6606,4
6607,5
6608,5
6609,15
6610,1
6611,4
6612,2
6613,1
6614,9
6615,4
6616,2
6617,4
6618,8
6619,2
6620,1
6621,2
6622,5
6623,3
6624,8
6625,4
6626,1
6627,8
6628,2
6629,2
6630,4
6631,8
6632,2
6633,8
6634,8
6635,8
6636,4
6637,4
6638,1
6639,5
6640,3
6641,3
6642,1
6643,1
6644,3
6645,1
6646,6
6647,4
6648,9
6649,2
6650,5
6651,5
6652,2
6653,4
6654,4
6655,4
6656,1
6657,4
6658,3
6659,6
6660,5
6661,4
6662,3
6663,1
6664,2
6665,1
6666,2
6667,4
6668,4
6669,5
6670,2
6671,8
6672,15
6673,2
6674,2
6675,5
6676,4
6677,4
6678,4
6679,2
6680,5
6681,2
6682,9
6683,8
6684,4
6685,2
6686,5
6687,5
6688,2
6689,5
6690,2
6691,5
6692,4
6693,1
6694,2
6695,4
6696,4
6697,8
6698,2
6699,8
6700,4
6701,2
6702,8
6703,1
6704,8
6705,2
6706,15
6707,4
6708,4
6709,8
6710,5
6711,3
6712,8
6713,2
6714,8
6715,5
6716,1
6717,8
6718,4
6719,4
6720,8
6721,2
6722,15
6723,8
6724,4
6725,2
6726,2
6727,5
6728,5
6729,4
6730,2
6731,2
6732,2
6733,9
6734,4
6735,4
6736,8
6737,2
6738,4
6739,4
6740,15
6741,2
6742,2
6743,4
6744,8
6745,2
6746,2
6747,10
6748,15
6749,7
6750,5
6751,4
6752,2
6753,5
6754,8
6755,8
6756,8
6757,4
6758,2
6759,4
6760,8
6761,2
6762,4
6763,15
6764,4
6765,4
6766,8
6767,9
6768,1
6769,4
6770,2
6771,7
6772,2
6773,2
6774,5
6775,4
6776,3
6777,8
6778,5
6779,8
6780,2
6781,2
6782,10
6783,4
6784,4
6785,10
6786,5
6787,2
6788,2
6789,2
6790,3
6791,1
6792,2
6793,8
6794,8
6795,8
6796,5
6797,2
6798,3
6799,3
6800,8
6801,2
6802,2
6803,5
6804,5
6805,8
6806,8
6807,4
6808,4
6809,8
6810,3
6811,5
6812,5
6813,5
6814,8
6815,5
6816,2
6817,2
6818,2
6819,3
6820,2
6821,4
6822,4
6823,5
6824,5
6825,2
6826,5
6827,8
6829,5
6830,5
6831,2
6832,2
6833,5
6834,5
6835,5
6836,5
6837,2
6838,3
6839,6
6840,8
6841,3
6842,2
6843,1
6844,1
6845,4
6846,2
6847,2
6848,1
6849,2
6850,4
6851,4
6852,2
6853,4
6854,10
6855,1
6856,4
6857,15
6858,4
6859,3
6860,5
6861,15
6862,3
6863,3
6864,2
6865,5
6866,6
6867,1
6868,2
6869,6
6870,8
6871,4
6872,2
6873,8
6874,4
6875,8
6876,8
6877,2
6878,2
6879,3
6880,8
6881,8
6882,2
6883,8
6884,3
6885,8
6886,4
6887,8
6888,4
6889,8
6890,4
6891,5
6892,2
6893,2
6894,3
6895,5
6896,5
6897,8
6898,2
6899,2
6900,5
6901,5
6902,4
6903,9
6904,2
6905,2
6906,4
6907,2
6908,4
6909,4
6910,3
6911,1
6912,4
6913,4
6914,8
6915,4
6916,8
6917,4
6918,2
6919,9
6920,4
6921,2
6922,15
6923,2
6924,2
6925,2
6926,8
6927,4
6928,8
6929,8
6930,4
6931,4
6932,9
6933,7
6934,5
6935,15
6936,5
6937,5
6938,4
6939,2
6940,2
6941,2
6942,4
6943,2
6944,8
6945,1
6946,8
6947,2
6948,2
6949,4
6950,1
6951,2
6952,2
6953,3
6954,2
6955,8
6956,4
6957,8
6958,1
6959,8
6960,4
6961,4
6962,2
6963,2
6964,2
6965,2
6966,7
6967,4
6968,4
6969,4
6970,5
6971,5
6972,4
6973,5
6974,2
6975,2
6976,4
6977,5
6978,1
6979,5
6980,4
6981,5
6982,6
6983,2
6984,2
6985,2
6986,15
6987,4
6988,2
6989,4
6990,5
6991,1
6992,1
6993,3
6994,4
6995,3
6996,4
6997,2
6998,8
6999,4
7000,4
7001,4
7002,5
7003,8
7004,15
7005,2
7006,1
7007,4
7008,2
7009,3
7010,1
7011,4
7012,4
7013,5
7014,3
7015,1
7016,8
7017,15
7018,2
7019,1
7020,5
7021,4
7022,1
7023,9
7024,5
7025,5
7026,2
7027,8
7028,8
7029,4
7030,7
7031,2
7032,2
7033,8
7034,4
7035,2
7036,2
7037,3
7038,4
7039,4
7040,4
7041,4
7042,15
7043,8
7044,8
7045,1
7046,4
7047,4
7048,8
7049,1
7050,3
7051,2
7052,2
7053,8
7054,4
7055,5
7056,3
7057,15
7058,3
7059,17
7060,4
7061,8
7062,1
7063,4
7064,2
7065,2
7066,8
7067,2
7068,3
7069,15
7070,5
7071,1
7072,1
7073,3
7074,3
7075,2
7076,3
7077,5
7078,8
7079,3
7080,4
7081,2
7082,4
7083,4
7084,2
7085,1
7086,2
7087,4
7088,8
7089,5
7090,4
7091,4
7092,1
7093,5
7094,2
7095,7
7096,4
7097,4
7098,3
7099,7
7100,4
7101,5
7102,2
7103,2
7104,3
7105,4
7106,2
7107,4
7108,15
7109,7
7110,4
7111,3
7112,2
7113,2
7114,8
7115,4
7116,4
7117,6
7118,4
7119,4
7120,4
7121,9
7122,8
7123,2
7124,9
7125,1
7126,4
7127,8
7128,4
7129,2
7130,4
7131,8
7132,7
7133,3
7134,4
7135,4
7136,4
7137,1
7138,2
7139,2
7140,2
7141,4
7142,2
7143,2
7144,4
7145,4
7146,3
7147,4
7148,1
7149,6
7150,1
7151,8
7152,1
7153,1
7154,4
7155,10
7156,2
7157,1
7158,4
7159,4
7160,5
7161,4
7162,5
7163,2
7164,4
7165,3
7166,4
7167,2
7168,4
7169,4
7170,4
7171,1
7172,5
7173,15
7174,4
7175,4
7176,4
7177,5
7178,5
7179,8
7180,8
7181,2
7182,2
7183,4
7184,4
7185,4
7186,4
7187,4
7188,4
7189,5
7190,4
7191,4
7192,8
7193,2
7194,8
7195,4
7196,8
7197,6
7198,8
7199,8
7200,2
7201,4
7202,2
7203,8
7204,1
7205,1
7206,2
7207,8
7208,15
7209,1
7210,5
7211,1
7212,8
7213,5
7214,8
7215,4
7216,4
7217,4
7218,2
7219,8
7220,4
7221,1
7222,9
7223,5
7224,1
7225,4
7226,2
7227,7
7228,7
7229,6
7230,7
7231,7
7232,7
7233,7
7234,7
7235,8
7236,7
7237,15
7238,8
7239,2
7240,8
7241,7
7242,5
7243,5
7244,4
7245,8
7246,4
7247,2
7248,5
7249,2
7250,5
7251,2
7252,8
7253,1
7254,2
7255,4
7256,4
7257,2
7258,5
7259,4
7260,4
7261,2
7262,8
7263,1
7264,11
7265,4
7266,2
7267,4
7268,4
7269,4
7270,2
7271,8
7272,8
7273,4
7274,5
7275,3
7276,6
7277,6
7278,6
7279,6
7280,6
7281,2
7282,1
7283,3
7284,2
7285,4
7286,5
7287,8
7288,9
7289,6
7290,9
7291,16
7292,6
7293,16
7294,2
7295,5
7296,2
7297,4
7298,5
7299,8
7300,5
7301,9
7302,4
7303,2
7304,4
7305,5
7306,8
7307,8
7308,2
7309,1
7310,4
7311,4
7312,4
7314,7
7315,7
7316,3
7317,1
7318,16
7319,7
7320,7
7321,15
7322,9
7323,4
7324,1
7325,4
7326,4
7327,8
7328,8
7329,1
7330,2
7331,3
7332,6
7333,8
7334,2
7335,4
7336,4
7337,15
7338,4
7339,2
7340,4
7341,4
7342,4
7343,4
7344,2
7345,2
7346,2
7347,4
7348,4
7349,5
7350,2
7351,2
7352,4
7353,4
7354,9
7355,8
7356,2
7357,2
7358,4
7359,5
7360,5
7361,4
7362,4
7363,2
7364,4
7365,5
7366,8
7367,2
7368,8
7369,4
7370,1
7371,15
7372,2
7373,4
7374,2
7375,2
7376,7
7377,4
7378,6
7379,4
7380,5
7381,4
7382,4
7383,4
7384,4
7385,5
7386,4
7387,4
7388,5
7389,5
7390,2
7391,8
7392,8
7393,5
7394,2
7395,4
7396,1
7397,4
7398,4
7399,2
7400,1
7401,2
7402,4
7403,2
7404,8
7405,4
7406,4
7407,2
7408,2
7409,4
7410,5
7411,8
7412,8
7413,5
7414,4
7415,5
7416,3
7417,3
7418,3
7419,4
7420,4
7421,15
7422,2
7423,4
7424,4
7425,2
7426,4
7427,5
7428,5
7429,5
7430,2
7431,8
7432,8
7433,5
7434,2
7435,4
7436,9
7437,5
7438,5
7439,4
7440,8
7441,2
7442,4
7443,1
7444,1
7445,2
7446,8
7447,4
7448,2
7449,2
7450,5
7451,4
7452,8
7453,3
7454,4
7455,1
7456,7
7457,8
7458,9
7459,4
7460,5
7461,3
7462,3
7463,2
7464,4
7465,1
7466,1
7467,4
7468,15
7469,2
7470,2
7471,15
7472,4
7473,2
7474,5
7475,8
7476,2
7477,2
7478,8
7479,4
7480,8
7481,4
7482,1
7483,8
7484,5
7485,8
7486,5
7487,3
7488,2
7489,3
7490,7
7491,7
7492,7
7493,7
7494,7
7495,7
7496,7
7497,7
7498,7
7499,7
7500,7
7501,9
7502,7
7503,6
7504,1
7505,9
7506,9
7507,8
7508,8
7509,8
7510,4
7511,8
7512,2
7513,4
7514,16
7515,3
7516,8
7517,1
7518,1
7519,4
7520,4
7521,1
7522,9
7523,4
7524,1
7525,5
7526,3
7527,3
7528,15
7529,2
7530,5
7531,5
7532,5
7533,5
7534,4
7535,4
7536,1
7537,2
7539,5
7540,1
7541,4
7542,6
7543,6
7544,4
7545,4
7546,2
7547,1
7548,2
7549,2
7550,8
7551,4
7552,4
7553,5
7554,3
7555,5
7556,2
7557,5
7558,4
7559,15
7560,4
7561,2
7562,2
7563,1
7564,9
7565,3
7566,4
7567,8
7568,8
7569,5
7570,9
7571,9
7572,5
7573,5
7574,5
7575,5
7576,2
7577,5
7578,8
7579,5
7580,3
7581,15
7582,1
7583,4
7584,2
7585,8
7586,8
7587,2
7588,1
7589,7
7590,9
7591,5
7592,2
7593,3
7594,8
7595,7
7596,5
7597,5
7598,15
7599,4
7600,9
7601,9
7602,5
7603,5
7604,5
7605,9
7606,4
7607,9
7608,5
7609,5
7610,4
7611,5
7612,5
7613,5
7614,5
7615,9
7616,5
7617,5
7618,5
7619,9
7620,1
7621,1
7622,2
7623,8
7624,2
7625,2
7626,5
7627,2
7628,2
7629,2
7630,4
7631,15
7632,2
7633,2
7634,8
7635,8
7636,10
7637,8
7638,5
7639,1
7640,1
7641,4
7642,2
7643,8
7644,2
7645,2
7646,2
7647,16
7648,4
7649,5
7650,6
7651,2
7652,4
7653,4
7654,4
7655,4
7656,5
7657,2
7658,5
7659,2
7660,1
7661,5
7662,3
7663,9
7664,2
7665,2
7666,2
7667,5
7668,8
7669,2
7670,3
7671,15
7672,4
7673,2
7674,2
7675,5
7676,5
7677,2
7678,2
7679,2
7680,5
7681,4
7682,2
7683,5
7684,2
7685,1
7686,5
7687,2
7688,2
7689,4
7690,6
7691,1
7692,4
7693,15
7694,4
7695,2
7696,8
7697,8
7698,5
7699,6
7700,4
7701,2
7702,8
7703,5
7704,2
7705,8
7706,4
7707,4
7708,5
7709,8
7710,4
7711,4
7712,8
7713,5
7714,4
7715,8
7716,2
7717,3
7718,4
7719,4
7720,4
7721,2
7722,5
7723,5
7724,2
7725,3
7726,2
7727,2
7728,2
7729,8
7730,4
7731,8
7732,2
7733,3
7734,2
7735,3
7736,1
7737,4
7738,2
7739,4
7740,4
7741,5
7742,2
7743,5
7744,4
7745,2
7746,2
7747,2
7748,9
7749,5
7750,4
7751,2
7752,8
7753,4
7754,2
7755,3
7756,3
7757,4
7758,2
7759,2
7760,4
7761,7
7762,7
7763,7
7764,7
7765,7
7766,7
7767,7
7768,7
7769,7
7770,7
7771,7
7772,7
7773,7
7774,7
7775,7
7776,7
7777,7
7778,7
7779,7
7780,7
7781,7
7782,7
7783,7
7784,7
7785,7
7786,7
7787,7
7788,7
7789,7
7790,2
7791,4
7792,4
7793,15
7794,8
7795,4
7796,6
7797,2
7798,2
7799,5
7800,2
7801,2
7802,4
7803,8
7804,4
7805,8
7806,4
7807,4
7808,2
7809,2
7810,1
7811,2
7812,1
7813,2
7814,4
7815,3
7816,4
7817,3
7818,8
7819,2
7820,5
7821,8
7822,4
7823,15
7824,4
7825,4
7826,5
7827,3
7828,4
7829,4
7830,5
7831,4
7832,2
7833,2
7834,4
7835,15
7836,4
7837,4
7838,5
7839,2
7840,1
7841,4
7842,2
7843,2
7844,2
7845,1
7846,4
7847,5
7848,15
7849,5
7850,2
7851,2
7852,8
7853,5
7854,8
7855,1
7856,1
7857,4
7858,8
7859,2
7860,2
7861,8
7862,15
7863,2
7864,8
7865,5
7866,8
7867,15
7868,2
7869,8
7870,4
7871,2
7872,2
7873,4
7874,2
7875,4
7876,4
7877,4
7878,4
7879,2
7880,3
7881,3
7882,3
7883,3
7884,1
7885,8
7886,2
7887,2
7888,2
7889,4
7890,8
7891,2
7892,7
7893,4
7894,5
7895,8
7896,8
7897,5
7898,5
7899,2
7900,2
7901,8
7902,1
7903,4
7904,3
7905,4
7906,4
7907,4
7908,3
7909,15
7910,15
7911,4
7912,2
7913,1
7914,4
7915,2
7916,2
7917,4
7918,4
7919,5
7920,2
7921,8
7922,2
7923,4
7924,5
7925,4
7926,2
7927,5
7928,4
7929,1
7930,6
7931,4
7932,4
7933,4
7934,5
7935,9
7936,1
7937,4
7938,5
7939,4
7940,4
7941,4
7942,2
7943,5
7944,4
7945,4
7946,2
7947,2
7948,2
7949,9
7950,1
7951,8
7952,8
7953,3
7954,4
7955,5
7956,8
7957,1
7958,8
7959,8
7960,5
7961,1
7962,8
7963,8
7964,2
7965,3
7966,1
7967,1
7968,5
7969,4
7970,1
7971,5
7972,5
7973,5
7974,5
7975,5
7976,4
7977,5
7978,5
7979,5
7980,5
7981,4
7982,1
7983,2
7984,2
7985,4
7986,8
7987,8
7988,8
7989,17
7990,8
7991,2
7992,2
7993,4
7994,4
7995,2
7996,4
7997,5
7998,4
7999,1
8000,4
8001,5
8002,8
8003,4
8004,1
8005,2
8006,6
8007,6
8008,6
8009,4
8010,8
8011,3
8012,2
8013,4
8014,2
8015,2
8016,6
8017,9
8018,2
8019,8
8020,5
8021,2
8022,4
8023,2
8024,4
8025,5
8026,1
8027,2
8028,2
8029,8
8030,8
8031,4
8032,4
8033,1
8034,2
8035,9
8036,1
8037,8
8038,3
8039,8
8040,8
8041,2
8042,8
8043,1
8044,8
8045,2
8046,1
8047,8
8048,4
8049,2
8050,2
8051,15
8052,1
8053,1
8054,8
8055,2
8056,1
8057,8
8058,15
8059,2
8060,3
8061,2
8062,15
8063,6
8064,3
8065,2
8066,1
8067,4
8068,1
8069,3
8070,4
8071,6
8072,8
8073,8
8074,2
8075,3
8076,3
8077,3
8078,2
8079,2
8080,4
8081,8
8082,4
8083,1
8084,4
8085,2
8086,2
8087,5
8088,8
8089,4
8090,8
8091,4
8092,2
8093,5
8094,5
8095,7
8096,1
8097,15
8098,2
8099,5
8100,2
8101,1
8102,1
8103,6
8104,3
8105,2
8106,8
8107,8
8108,4
8109,15
8110,5
8111,3
8112,2
8113,15
8114,2
8115,4
8116,2
8117,2
8118,2
8119,2
8120,2
8121,2
8122,6
8123,7
8124,2
8125,5
8126,6
8127,8
8128,8
8129,1
8130,5
8131,1
8132,4
8133,2
8134,2
8135,2
8136,9
8137,5
8138,4
8139,8
8140,8
8141,8
8142,2
8143,8
8144,5
8145,5
8146,4
8147,8
8148,4
8149,2
8150,2
8151,2
8152,10
8153,10
8154,4
8155,7
8156,4
8157,5
8158,2
8159,3
8160,3
8161,3
8162,5
8163,7
8164,2
8165,2
8166,5
8167,8
8168,1
8169,5
8170,2
8171,5
8172,2
8173,7
8174,2
8175,4
8176,2
8177,2
8178,2
8179,4
8180,8
8181,5
8182,7
8183,7
8184,3
8185,3
8186,2
8187,2
8188,1
8189,8
8190,9
8191,3
8192,2
8193,4
8194,5
8195,2
8196,8
8197,8
8198,8
8199,8
8200,4
8201,4
8202,2
8203,2
8204,4
8205,2
8206,4
8207,2
8208,5
8209,4
8210,5
8211,2
8212,2
8213,8
8214,8
8215,9
8216,4
8217,2
8218,8
8219,2
8220,1
8221,1
8222,1
8223,1
8224,8
8225,2
8226,1
8227,1
8228,4
8229,1
8230,1
8231,2
8232,4
8233,1
8234,2
8235,4
8236,2
8237,8
8238,3
8239,2
8240,5
8241,2
8242,4
8243,8
8244,4
8245,2
8246,4
8247,2
8248,3
8249,5
8250,4
8251,5
8252,8
8253,4
8254,1
8255,2
8256,4
8257,8
8258,4
8259,3
8260,8
8261,5
8262,8
8263,5
8264,8
8265,4
8266,2
8267,3
8268,2
8269,2
8270,2
8271,2
8272,7
8273,8
8274,4
8275,4
8276,5
8277,8
8278,4
8279,4
8280,2
8281,5
8282,2
8283,2
8284,8
8285,1
8286,8
8287,2
8288,5
8289,8
8290,2
8291,2
8292,8
8293,8
8294,2
8295,2
8296,2
8297,8
8298,4
8299,8
8300,4
8301,2
8302,3
8303,2
8304,8
8305,3
8306,3
8307,2
8308,1
8309,2
8310,8
8311,2
8312,4
8313,1
8314,5
8315,8
8316,6
8317,5
8318,4
8319,2
8320,2
8321,8
8322,9
8323,2
8324,1
8325,2
8326,8
8327,4
8328,4
8329,4
8330,4
8331,2
8332,5
8333,4
8334,8
8335,15
8336,1
8337,2
8338,8
8339,1
8340,4
8341,2
8342,1
8343,2
8344,2
8345,2
8346,8
8347,4
8348,5
8349,4
8350,5
8351,5
8352,8
8353,3
8354,5
8355,1
8356,1
8357,1
8358,2
8359,2
8360,9
8361,3
8362,3
8363,8
8364,2
8365,2
8366,1
8367,2
8368,2
8369,2
8370,1
8371,4
8372,5
8373,1
8374,7
8375,5
8376,1
8377,5
8378,8
8379,2
8380,2
8381,3
8382,3
8383,2
8384,8
8385,1
8386,8
8387,2
8388,5
8389,4
8390,3
8391,2
8392,4
8393,4
8394,8
8395,3
8396,3
8397,8
8398,4
8399,8
8400,8
8401,5
8402,8
8403,3
8404,1
8405,1
8406,1
8407,1
8408,4
8409,4
8410,4
8411,5
8412,5
8413,4
8414,1
8415,8
8416,8
8417,8
8418,4
8419,2
8420,5
8421,8
8422,4
8423,5
8424,9
8425,2
8426,2
8427,8
8428,2
8429,2
8430,2
8431,3
8432,2
8433,5
8434,1
8435,1
8436,3
8437,4
8438,2
8439,2
8440,4
8441,4
8442,3
8443,4
8444,8
8445,5
8446,1
8447,8
8448,15
8449,8
8450,1
8451,4
8452,1
8453,1
8454,8
8455,3
8456,10
8457,8
8458,3
8459,8
8460,2
8461,2
8462,10
8463,4
8464,2
8465,8
8466,3
8467,10
8468,2
8469,4
8470,1
8471,2
8472,5
8473,5
8474,1
8475,4
8476,5
8477,2
8478,5
8479,2
8480,4
8481,2
8482,4
8483,2
8484,2
8485,2
8486,4
8487,1
8488,8
8489,15
8490,1
8491,4
8492,2
8493,1
8494,8
8495,8
8496,8
8497,8
8498,1
8499,8
8500,1
8501,9
8502,3
8503,8
8504,5
8505,2
8506,2
8507,4
8508,1
8509,15
8510,4
8511,2
8512,1
8513,1
8514,8
8515,2
8516,3
8517,2
8518,8
8519,4
8520,4
8521,4
8522,2
8523,8
8524,7
8525,4
8526,8
8527,8
8528,8
8529,4
8530,4
8531,9
8532,1
8533,1
8534,2
8535,8
8536,8
8537,2
8538,8
8539,4
8540,2
8541,1
8542,4
8543,8
8544,2
8545,2
8546,4
8547,2
8548,1
8549,1
8550,2
8551,4
8552,4
8553,8
8554,3
8555,1
8556,5
8557,4
8558,4
8559,8
8560,4
8561,2
8562,2
8563,5
8564,2
8565,1
8566,5
8567,4
8568,5
8569,2
8570,4
8571,5
8572,4
8573,1
8574,4
8575,4
8576,4
8577,5
8578,15
8579,2
8580,2
8581,1
8582,7
8583,15
8584,15
8585,2
8586,4
8587,2
8588,5
8589,4
8590,4
8591,2
8592,4
8593,4
8594,4
8595,10
8596,4
8597,6
8598,4
8599,1
8600,2
8601,7
8602,4
8603,7
8604,1
8605,4
8606,2
8607,4
8608,1
8609,15
8610,2
8611,1
8612,2
8613,2
8614,2
8615,8
8616,1
8617,1
8618,8
8619,8
8620,9
8621,5
8622,1
8623,1
8624,3
8625,1
8626,1
8627,1
8628,8
8629,4
8630,5
8631,2
8632,2
8633,2
8634,2
8635,2
8636,10
8637,8
8638,8
8639,8
8640,5
8641,4
8642,3
8643,8
8644,4
8645,4
8646,2
8647,6
8648,4
8649,2
8650,8
8651,4
8652,8
8653,15
8654,4
8655,8
8656,3
8657,2
8658,4
8659,8
8660,1
8661,5
8662,1
8663,4
8664,4
8665,8
8666,2
8667,4
8668,8
8669,8
8670,9
8671,1
8672,4
8673,4
8674,4
8675,15
8676,1
8677,8
8678,5
8679,8
8680,7
8681,4
8682,4
8683,15
8684,4
8685,6
8686,2
8687,2
8688,4
8689,2
8690,8
8691,4
8692,8
8693,5
8694,1
8695,8
8696,4
8697,1
8698,8
8699,4
8700,4
8701,2
8702,3
8703,9
8704,8
8705,4
8706,2
8707,8
8708,5
8709,2
8710,2
8711,2
8712,2
8713,5
8714,2
8715,7
8716,8
8717,2
8718,2
8719,2
8720,4
8721,4
8722,4
8723,1
8724,4
8725,4
8726,8
8727,5
8728,15
8729,4
8730,1
8731,8
8732,8
8733,2
8734,2
8735,2
8736,8
8737,4
8738,4
8739,2
8740,5
8741,5
8742,5
8743,1
8744,1
8745,2
8746,10
8747,4
8748,9
8749,15
8750,2
8751,8
8752,8
8753,4
8754,2
8755,8
8756,4
8757,2
8758,1
8759,5
8760,5
8761,2
8762,4
8763,2
8764,5
8765,1
8766,8
8767,1
8768,1
8769,8
8770,2
8771,4
8772,4
8773,4
8774,5
8775,4
8776,5
8777,3
8778,5
8779,5
8780,5
8781,7
8782,7
8783,1
8784,6
8785,6
8786,7
8787,9
8788,5
8789,2
8790,5
8791,17
8792,8
8793,15
8794,3
8795,4
8796,7
8797,5
8798,7
8799,2
8800,4
8801,5
8802,2
8803,8
8804,7
8805,8
8806,3
8807,4
