content_id,type_id
1,1
2,2
3,2
4,2
5,2
6,2
7,1
8,1
9,2
10,1
11,2
12,2
13,1
14,1
15,2
16,2
17,1
18,2
19,1
20,2
21,2
22,2
23,1
24,1
25,1
26,2
27,1
28,1
29,1
30,1
31,1
32,2
33,2
34,2
35,2
36,1
37,1
38,2
39,1
40,2
41,2
42,1
43,1
44,1
45,1
46,1
47,1
48,2
49,1
50,2
51,2
52,1
53,1
54,1
55,1
56,2
57,1
58,1
59,1
60,1
61,1
62,1
63,1
64,1
65,1
66,2
67,2
68,2
69,1
70,2
71,2
72,1
73,2
74,1
75,2
76,1
77,2
78,1
79,1
80,1
81,1
82,1
83,2
84,2
85,1
86,2
87,1
88,2
89,1
90,2
91,1
92,1
93,2
94,1
95,1
96,2
97,1
98,2
99,2
100,2
101,2
102,1
103,2
104,1
105,2
106,1
107,2
108,1
109,2
110,2
111,2
112,2
113,1
114,1
115,1
116,1
117,1
118,1
119,1
120,1
121,2
122,2
123,1
124,2
125,2
126,2
127,1
128,1
129,1
130,1
131,1
132,1
133,2
134,1
135,1
136,1
137,1
138,1
139,1
140,1
141,1
142,1
143,1
144,1
145,1
146,1
147,1
148,2
149,2
150,1
151,1
152,1
153,1
154,2
155,2
156,1
157,1
158,1
159,1
160,1
161,2
162,1
163,1
164,1
165,1
166,2
167,1
168,1
169,1
170,1
171,1
172,1
173,1
174,1
175,1
176,1
177,1
178,1
179,1
180,1
181,1
182,2
183,1
184,1
185,2
186,1
187,2
188,2
189,1
190,2
191,1
192,1
193,1
194,2
195,2
196,1
197,1
198,2
199,2
200,1
201,1
202,1
203,1
204,1
205,1
206,1
207,1
208,1
209,1
210,1
211,1
212,1
213,2
214,2
215,1
216,1
217,1
218,1
219,2
220,2
221,2
222,1
223,2
224,2
225,2
226,2
227,2
228,1
229,1
230,1
231,1
232,1
233,2
234,1
235,2
236,1
237,1
238,1
239,1
240,1
241,1
242,2
243,2
244,2
245,1
246,2
247,1
248,1
249,2
250,1
251,1
252,1
253,1
254,1
255,2
256,1
257,1
258,1
259,1
260,1
261,2
262,1
263,1
264,2
265,1
266,2
267,2
268,1
269,1
270,2
271,1
272,2
273,2
274,2
275,2
276,2
277,2
278,2
279,1
280,1
281,2
282,1
283,1
284,1
285,1
286,1
287,2
288,2
289,2
290,2
291,1
292,2
293,1
294,1
295,1
296,1
297,2
298,2
299,1
300,1
301,1
302,1
303,1
304,1
305,1
306,1
307,1
308,1
309,1
310,2
311,2
312,2
313,2
314,2
315,1
316,1
317,2
318,1
319,1
320,2
321,2
322,2
323,2
324,2
325,2
326,1
327,1
328,1
329,1
330,1
331,1
332,2
333,1
334,1
335,1
336,1
337,2
338,1
339,2
340,1
341,1
342,1
343,1
344,1
345,1
346,1
347,1
348,1
349,1
350,1
351,1
352,1
353,1
354,1
355,1
356,1
357,1
358,1
359,1
360,1
361,1
362,2
363,1
364,1
365,2
366,1
367,2
368,1
369,2
370,2
371,2
372,1
373,1
374,1
375,1
376,1
377,2
378,1
379,1
380,2
381,2
382,2
383,2
384,1
385,1
386,2
387,2
388,1
389,2
390,1
391,2
392,2
393,1
394,1
395,1
396,1
397,1
398,2
399,1
400,2
401,2
402,2
403,1
404,2
405,1
406,1
407,1
408,1
409,1
410,1
411,1
412,1
413,1
414,1
415,1
416,1
417,1
418,1
419,1
420,1
421,1
422,1
423,1
424,1
425,1
426,2
427,1
428,1
429,1
430,1
431,2
432,2
433,1
434,1
435,2
436,2
437,1
438,1
439,1
440,1
441,2
442,1
443,2
444,1
445,2
446,1
447,1
448,1
449,1
450,1
451,1
452,1
453,1
454,2
455,1
456,1
457,2
458,1
459,1
460,2
461,1
462,1
463,1
464,1
465,1
466,2
467,2
468,1
469,1
470,1
471,1
472,1
473,2
474,1
475,1
476,1
477,1
478,2
479,2
480,1
481,1
482,1
483,2
484,1
485,1
486,1
487,1
488,2
489,2
490,1
491,2
492,1
493,1
494,2
495,1
496,1
497,1
498,2
499,1
500,2
501,1
502,1
503,1
504,2
505,2
506,1
507,1
508,1
509,1
510,2
511,2
512,2
513,2
514,2
515,2
516,2
517,2
518,2
519,1
520,2
521,2
522,2
523,2
524,2
525,2
526,2
527,2
528,2
529,1
530,1
531,2
532,1
533,2
534,2
535,1
536,2
537,2
538,2
539,2
540,2
541,2
542,1
543,1
544,2
545,2
546,2
547,2
548,2
549,2
550,2
551,1
552,1
553,1
554,2
555,1
556,1
557,1
558,1
559,1
560,1
561,1
562,1
563,1
564,1
565,1
566,2
567,1
568,1
569,1
570,1
571,1
572,2
573,1
574,1
575,1
576,1
577,1
578,2
579,1
580,1
581,1
582,1
583,1
584,1
585,1
586,1
587,1
588,2
589,2
590,1
591,2
592,1
593,1
594,1
595,1
596,1
597,1
598,1
599,1
600,1
601,1
602,1
603,1
604,1
605,1
606,1
607,1
608,1
609,1
610,1
611,1
612,1
613,1
614,1
615,1
616,1
617,1
618,2
619,1
620,1
621,2
622,2
623,1
624,1
625,1
626,2
627,2
628,2
629,2
630,1
631,1
632,2
633,1
634,1
635,1
636,1
637,1
638,2
639,2
640,2
641,2
642,1
643,2
644,1
645,1
646,1
647,1
648,2
649,2
650,1
651,1
652,1
653,1
654,2
655,1
656,1
657,1
658,2
659,2
660,2
661,2
662,2
663,2
664,2
665,2
666,2
667,2
668,2
669,2
670,2
671,1
672,1
673,1
674,2
675,2
676,2
677,2
678,2
679,2
680,2
681,2
682,2
683,2
684,1
685,2
686,1
687,2
688,1
689,1
690,1
691,1
692,2
693,2
694,1
695,1
696,1
697,2
698,2
699,1
700,2
701,2
702,1
703,1
704,2
705,1
706,1
707,2
708,2
709,1
710,2
711,2
712,1
713,1
714,2
715,2
716,2
717,1
718,1
719,1
720,2
721,2
722,1
723,1
724,2
725,1
726,2
727,2
728,1
729,1
730,1
731,1
732,2
733,1
734,2
735,2
736,1
737,1
738,2
739,1
740,1
741,1
742,1
743,1
744,1
745,2
746,1
747,1
748,1
749,2
750,2
751,1
752,2
753,1
754,2
755,1
756,1
757,1
758,1
759,2
760,1
761,1
762,2
763,1
764,2
765,1
766,1
767,1
768,2
769,1
770,1
771,1
772,2
773,2
774,1
775,1
776,1
777,1
778,1
779,2
780,1
781,2
782,1
783,1
784,1
785,1
786,2
787,1
788,1
789,1
790,2
791,1
792,1
793,1
794,1
795,1
796,2
797,1
798,1
799,1
800,1
801,1
802,1
803,1
804,2
805,1
806,2
807,1
808,1
809,1
810,1
811,1
812,1
813,1
814,2
815,1
816,1
817,1
818,1
819,1
820,1
821,2
822,1
823,1
824,1
825,1
826,2
827,1
828,1
829,1
830,1
831,2
832,2
833,2
834,2
835,1
836,2
837,1
838,2
839,1
840,1
841,1
842,1
843,2
844,2
845,1
846,1
847,1
848,2
849,2
850,1
851,1
852,1
853,1
854,1
855,1
856,2
857,1
858,2
859,1
860,1
861,1
862,1
863,2
864,1
865,1
866,1
867,1
868,1
869,2
870,2
871,1
872,1
873,1
874,1
875,2
876,1
877,2
878,1
879,1
880,2
881,2
882,1
883,1
884,2
885,2
886,1
887,2
888,1
889,1
890,1
891,2
892,1
893,1
894,1
895,1
896,1
897,2
898,2
899,1
900,1
901,2
902,1
903,2
904,1
905,1
906,1
907,1
908,1
909,2
910,1
911,1
912,2
913,1
914,1
915,1
916,1
917,1
918,1
919,2
920,2
921,2
922,2
923,1
924,2
925,1
926,2
927,1
928,2
929,1
930,1
931,1
932,1
933,1
934,1
935,1
936,1
937,2
938,1
939,1
940,1
941,1
942,1
943,1
944,1
945,1
946,1
947,1
948,1
949,1
950,1
951,1
952,1
953,1
954,1
955,1
956,1
957,1
958,2
959,1
960,1
961,2
962,1
963,1
964,2
965,1
966,2
967,1
968,2
969,2
970,1
971,1
972,1
973,2
974,1
975,1
976,1
977,1
978,1
979,1
980,1
981,1
982,1
983,1
984,1
985,1
986,1
987,1
988,1
989,2
990,1
991,1
992,1
993,1
994,2
995,1
996,1
997,1
998,2
999,1
1000,1
1001,1
1002,1
1003,1
1004,2
1005,2
1006,1
1007,1
1008,1
1009,1
1010,1
1011,1
1012,1
1013,2
1014,1
1015,2
1016,1
1017,1
1018,1
1019,1
1020,1
1021,1
1022,1
1023,1
1024,1
1025,1
1026,2
1027,1
1028,1
1029,1
1030,1
1031,1
1032,1
1033,2
1034,1
1035,1
1036,1
1037,1
1038,1
1039,2
1040,1
1041,2
1042,1
1043,2
1044,2
1045,2
1046,2
1047,1
1048,2
1049,2
1050,2
1051,1
1052,2
1053,1
1054,1
1055,1
1056,1
1057,2
1058,2
1059,2
1060,2
1061,2
1062,2
1063,2
1064,2
1065,2
1066,2
1067,1
1068,2
1069,2
1070,1
1071,1
1072,1
1073,1
1074,1
1075,1
1076,2
1077,1
1078,1
1079,1
1080,2
1081,1
1082,2
1083,2
1084,1
1085,2
1086,1
1087,1
1088,1
1089,1
1090,1
1091,1
1092,2
1093,1
1094,2
1095,2
1096,2
1097,1
1098,1
1099,1
1100,1
1101,1
1102,1
1103,1
1104,1
1105,1
1106,1
1107,1
1108,1
1109,1
1110,1
1111,1
1112,1
1113,1
1114,1
1115,1
1116,1
1117,2
1118,1
1119,1
1120,1
1121,1
1122,1
1123,1
1124,2
1125,1
1126,2
1127,1
1128,2
1129,1
1130,2
1131,1
1132,1
1133,1
1134,1
1135,1
1136,1
1137,1
1138,1
1139,1
1140,1
1141,1
1142,1
1143,1
1144,2
1145,1
1146,1
1147,2
1148,1
1149,2
1150,2
1151,1
1152,1
1153,2
1154,1
1155,1
1156,1
1157,1
1158,1
1159,2
1160,1
1161,1
1162,1
1163,1
1164,2
1165,1
1166,1
1167,2
1168,1
1169,2
1170,2
1171,1
1172,1
1173,1
1174,2
1175,2
1176,1
1177,1
1178,1
1179,1
1180,2
1181,2
1182,2
1183,2
1184,1
1185,1
1186,1
1187,2
1188,1
1189,1
1190,1
1191,1
1192,1
1193,1
1194,1
1195,1
1196,1
1197,2
1198,1
1199,1
1200,1
1201,2
1202,2
1203,1
1204,1
1205,1
1206,2
1207,2
1208,1
1209,1
1210,1
1211,2
1212,1
1213,1
1214,2
1215,1
1216,1
1217,1
1218,2
1219,1
1220,1
1221,1
1222,1
1223,1
1224,2
1225,2
1226,2
1227,2
1228,2
1229,1
1230,2
1231,1
1232,2
1233,1
1234,1
1235,2
1236,2
1237,1
1238,1
1239,2
1240,1
1241,1
1242,1
1243,2
1244,1
1245,1
1246,2
1247,2
1248,1
1249,1
1250,1
1251,1
1252,1
1253,1
1254,1
1255,1
1256,1
1257,1
1258,2
1259,1
1260,1
1261,1
1262,1
1263,1
1264,1
1265,1
1266,1
1267,1
1268,1
1269,2
1270,1
1271,2
1272,2
1273,2
1274,1
1275,2
1276,2
1277,1
1278,2
1279,1
1280,1
1281,1
1282,1
1283,2
1284,1
1285,1
1286,2
1287,1
1288,1
1289,1
1290,1
1291,1
1292,1
1293,1
1294,2
1295,2
1296,1
1297,2
1298,1
1299,2
1300,2
1301,2
1302,2
1303,2
1304,1
1305,1
1306,1
1307,2
1308,1
1309,2
1310,1
1311,2
1312,1
1313,1
1314,2
1315,2
1316,1
1317,1
1318,2
1319,1
1320,1
1321,2
1322,2
1323,1
1324,1
1325,1
1326,1
1327,1
1328,1
1329,2
1330,1
1331,1
1332,2
1333,2
1334,1
1335,1
1336,2
1337,1
1338,1
1339,2
1340,2
1341,1
1342,1
1343,1
1344,1
1345,1
1346,1
1347,1
1348,1
1349,2
1350,2
1351,2
1352,1
1353,2
1354,1
1355,2
1356,2
1357,2
1358,1
1359,1
1360,1
1361,2
1362,2
1363,2
1364,2
1365,1
1366,2
1367,1
1368,1
1369,1
1370,1
1371,1
1372,2
1373,1
1374,2
1375,1
1376,2
1377,1
1378,2
1379,1
1380,1
1381,2
1382,1
1383,1
1384,2
1385,2
1386,2
1387,1
1388,1
1389,1
1390,1
1391,1
1392,1
1393,2
1394,1
1395,2
1396,2
1397,1
1398,1
1399,1
1400,1
1401,2
1402,2
1403,2
1404,1
1405,2
1406,1
1407,1
1408,1
1409,2
1410,1
1411,1
1412,1
1413,1
1414,1
1415,1
1416,1
1417,2
1418,1
1419,1
1420,2
1421,1
1422,1
1423,1
1424,1
1425,1
1426,1
1427,1
1428,2
1429,1
1430,2
1431,2
1432,1
1433,2
1434,1
1435,1
1436,1
1437,1
1438,2
1439,1
1440,2
1441,2
1442,1
1443,2
1444,2
1445,1
1446,1
1447,1
1448,1
1449,2
1450,2
1451,1
1452,1
1453,1
1454,1
1455,1
1456,2
1457,1
1458,2
1459,1
1460,1
1461,2
1462,1
1463,2
1464,2
1465,1
1466,2
1467,1
1468,1
1469,1
1470,1
1471,1
1472,1
1473,1
1474,2
1475,1
1476,1
1477,2
1478,2
1479,2
1480,2
1481,2
1482,1
1483,2
1484,2
1485,1
1486,1
1487,1
1488,2
1489,1
1490,2
1491,1
1492,1
1493,2
1494,1
1495,1
1496,1
1497,1
1498,1
1499,1
1500,1
1501,1
1502,1
1503,1
1504,2
1505,1
1506,2
1507,2
1508,1
1509,2
1510,1
1511,1
1512,1
1513,1
1514,1
1515,2
1516,1
1517,2
1518,1
1519,1
1520,1
1521,2
1522,1
1523,1
1524,1
1525,1
1526,1
1527,1
1528,2
1529,2
1530,1
1531,2
1532,1
1533,2
1534,2
1535,1
1536,2
1537,1
1538,1
1539,2
1540,2
1541,1
1542,2
1543,1
1544,2
1545,1
1546,2
1547,2
1548,2
1549,2
1550,1
1551,1
1552,2
1553,2
1554,1
1555,2
1556,2
1557,1
1558,1
1559,1
1560,2
1561,1
1562,1
1563,2
1564,1
1565,2
1566,1
1567,1
1568,1
1569,1
1570,2
1571,2
1572,1
1573,2
1574,2
1575,2
1576,1
1577,1
1578,1
1579,2
1580,2
1581,1
1582,1
1583,1
1584,2
1585,1
1586,2
1587,2
1588,2
1589,1
1590,2
1591,2
1592,1
1593,1
1594,2
1595,1
1596,1
1597,2
1598,1
1599,1
1600,1
1601,1
1602,1
1603,1
1604,2
1605,1
1606,2
1607,1
1608,1
1609,1
1610,1
1611,1
1612,2
1613,1
1614,1
1615,2
1616,2
1617,1
1618,1
1619,2
1620,2
1621,1
1622,1
1623,2
1624,2
1625,1
1626,2
1627,1
1628,2
1629,2
1630,1
1631,1
1632,1
1633,1
1634,1
1635,2
1636,1
1637,1
1638,1
1639,2
1640,2
1641,2
1642,2
1643,1
1644,1
1645,1
1646,1
1647,1
1648,1
1649,1
1650,2
1651,1
1652,1
1653,1
1654,1
1655,2
1656,1
1657,1
1658,1
1659,2
1660,1
1661,1
1662,2
1663,1
1664,1
1665,1
1666,1
1667,1
1668,2
1669,2
1670,1
1671,2
1672,1
1673,2
1674,1
1675,1
1676,1
1677,1
1678,1
1679,1
1680,1
1681,1
1682,1
1683,1
1684,1
1685,2
1686,1
1687,1
1688,2
1689,2
1690,1
1691,1
1692,1
1693,2
1694,2
1695,1
1696,1
1697,2
1698,2
1699,2
1700,1
1701,1
1702,2
1703,1
1704,1
1705,1
1706,1
1707,2
1708,1
1709,2
1710,1
1711,1
1712,2
1713,1
1714,1
1715,1
1716,2
1717,2
1718,2
1719,2
1720,1
1721,1
1722,2
1723,2
1724,2
1725,2
1726,1
1727,2
1728,1
1729,1
1730,1
1731,2
1732,1
1733,1
1734,2
1735,1
1736,1
1737,1
1738,2
1739,1
1740,1
1741,2
1742,1
1743,1
1744,1
1745,1
1746,1
1747,2
1748,1
1749,2
1750,1
1751,2
1752,1
1753,1
1754,1
1755,2
1756,2
1757,2
1758,2
1759,2
1760,2
1761,2
1762,1
1763,1
1764,1
1765,1
1766,2
1767,2
1768,1
1769,1
1770,2
1771,1
1772,2
1773,1
1774,2
1775,1
1776,1
1777,1
1778,1
1779,2
1780,2
1781,1
1782,2
1783,2
1784,1
1785,1
1786,1
1787,1
1788,1
1789,1
1790,1
1791,2
1792,2
1793,1
1794,1
1795,2
1796,1
1797,1
1798,1
1799,1
1800,2
1801,2
1802,1
1803,1
1804,2
1805,2
1806,1
1807,1
1808,1
1809,1
1810,1
1811,1
1812,1
1813,1
1814,2
1815,1
1816,1
1817,1
1818,1
1819,1
1820,1
1821,1
1822,1
1823,1
1824,1
1825,1
1826,1
1827,1
1828,1
1829,2
1830,1
1831,1
1832,1
1833,1
1834,1
1835,2
1836,1
1837,1
1838,2
1839,1
1840,2
1841,2
1842,2
1843,1
1844,1
1845,1
1846,1
1847,1
1848,2
1849,2
1850,1
1851,1
1852,2
1853,2
1854,1
1855,2
1856,1
1857,1
1858,1
1859,1
1860,1
1861,2
1862,1
1863,1
1864,1
1865,2
1866,1
1867,1
1868,1
1869,2
1870,1
1871,1
1872,1
1873,1
1874,2
1875,1
1876,2
1877,1
1878,2
1879,2
1880,1
1881,2
1882,1
1883,1
1884,1
1885,1
1886,2
1887,1
1888,1
1889,1
1890,2
1891,2
1892,1
1893,1
1894,2
1895,2
1896,2
1897,1
1898,1
1899,1
1900,1
1901,1
1902,1
1903,1
1904,1
1905,1
1906,1
1907,2
1908,2
1909,2
1910,1
1911,2
1912,1
1913,1
1914,1
1915,2
1916,2
1917,1
1918,2
1919,2
1920,1
1921,1
1922,1
1923,2
1924,2
1925,1
1926,2
1927,1
1928,1
1929,2
1930,2
1931,1
1932,1
1933,1
1934,2
1935,1
1936,1
1937,1
1938,1
1939,1
1940,1
1941,1
1942,1
1943,1
1944,1
1945,1
1946,1
1947,1
1948,2
1949,2
1950,2
1951,1
1952,2
1953,2
1954,1
1955,2
1956,2
1957,1
1958,1
1959,2
1960,1
1961,1
1962,2
1963,1
1964,1
1965,1
1966,1
1967,1
1968,1
1969,1
1970,1
1971,1
1972,1
1973,1
1974,2
1975,1
1976,1
1977,1
1978,1
1979,2
1980,2
1981,2
1982,1
1983,1
1984,2
1985,1
1986,1
1987,1
1988,1
1989,2
1990,2
1991,2
1992,2
1993,1
1994,2
1995,2
1996,1
1997,1
1998,1
1999,2
2000,1
2001,1
2002,1
2003,2
2004,1
2005,1
2006,1
2007,2
2008,1
2009,2
2010,2
2011,1
2012,1
2013,2
2014,2
2015,1
2016,1
2017,1
2018,1
2019,1
2020,1
2021,1
2022,2
2023,2
2024,1
2025,1
2026,1
2027,1
2028,1
2029,1
2030,1
2031,1
2032,1
2033,2
2034,2
2035,1
2036,1
2037,1
2038,2
2039,1
2040,1
2041,2
2042,1
2043,2
2044,1
2045,2
2046,1
2047,1
2048,2
2049,1
2050,1
2051,1
2052,1
2053,1
2054,2
2055,2
2056,1
2057,1
2058,1
2059,2
2060,1
2061,1
2062,1
2063,2
2064,2
2065,2
2066,1
2067,2
2068,1
2069,2
2070,2
2071,2
2072,1
2073,1
2074,2
2075,1
2076,1
2077,1
2078,1
2079,2
2080,1
2081,2
2082,1
2083,1
2084,1
2085,1
2086,2
2087,2
2088,1
2089,1
2090,2
2091,1
2092,1
2093,1
2094,2
2095,1
2096,1
2097,2
2098,1
2099,2
2100,2
2101,1
2102,2
2103,2
2104,1
2105,1
2106,2
2107,2
2108,1
2109,2
2110,1
2111,1
2112,1
2113,2
2114,2
2115,1
2116,1
2117,1
2118,1
2119,2
2120,1
2121,1
2122,1
2123,2
2124,2
2125,2
2126,2
2127,1
2128,2
2129,1
2130,1
2131,1
2132,1
2133,1
2134,2
2135,2
2136,2
2137,2
2138,1
2139,1
2140,1
2141,2
2142,1
2143,1
2144,1
2145,2
2146,2
2147,1
2148,1
2149,2
2150,1
2151,1
2152,2
2153,2
2154,2
2155,1
2156,1
2157,2
2158,2
2159,2
2160,1
2161,2
2162,1
2163,2
2164,1
2165,1
2166,2
2167,1
2168,1
2169,2
2170,1
2171,2
2172,1
2173,1
2174,2
2175,2
2176,2
2177,1
2178,1
2179,2
2180,1
2181,2
2182,2
2183,1
2184,1
2185,2
2186,1
2187,1
2188,1
2189,1
2190,2
2191,2
2192,1
2193,2
2194,1
2195,2
2196,1
2197,1
2198,1
2199,1
2200,1
2201,1
2202,2
2203,1
2204,2
2205,1
2206,1
2207,1
2208,1
2209,1
2210,1
2211,1
2212,1
2213,2
2214,1
2215,2
2216,1
2217,1
2218,2
2219,2
2220,1
2221,1
2222,1
2223,2
2224,2
2225,1
2226,2
2227,2
2228,2
2229,1
2230,2
2231,2
2232,1
2233,1
2234,1
2235,1
2236,2
2237,1
2238,2
2239,2
2240,1
2241,1
2242,2
2243,1
2244,1
2245,1
2246,2
2247,2
2248,1
2249,1
2250,2
2251,1
2252,2
2253,1
2254,2
2255,2
2256,2
2257,1
2258,1
2259,2
2260,1
2261,1
2262,1
2263,1
2264,1
2265,1
2266,1
2267,1
2268,1
2269,1
2270,1
2271,1
2272,1
2273,1
2274,1
2275,1
2276,2
2277,1
2278,1
2279,1
2280,1
2281,1
2282,1
2283,1
2284,1
2285,1
2286,1
2287,1
2288,1
2289,1
2290,1
2291,1
2292,1
2293,2
2294,2
2295,1
2296,1
2297,1
2298,2
2299,2
2300,2
2301,1
2302,2
2303,1
2304,2
2305,1
2306,2
2307,2
2308,2
2309,1
2310,1
2311,1
2312,1
2313,1
2314,2
2315,1
2316,1
2317,1
2318,1
2319,2
2320,1
2321,2
2322,1
2323,2
2324,1
2325,1
2326,1
2327,1
2328,2
2329,1
2330,2
2331,1
2332,2
2333,1
2334,1
2335,1
2336,1
2337,1
2338,2
2339,1
2340,1
2341,1
2342,1
2343,1
2344,2
2345,1
2346,1
2347,2
2348,1
2349,1
2350,2
2351,1
2352,1
2353,2
2354,1
2355,1
2356,1
2357,1
2358,2
2359,1
2360,2
2361,1
2362,1
2363,2
2364,1
2365,1
2366,1
2367,1
2368,1
2369,1
2370,1
2371,1
2372,1
2373,1
2374,1
2375,1
2376,1
2377,1
2378,1
2379,2
2380,1
2381,1
2382,1
2383,1
2384,2
2385,1
2386,1
2387,1
2388,1
2389,2
2390,1
2391,2
2392,1
2393,1
2394,1
2395,2
2396,2
2397,2
2398,1
2399,1
2400,2
2401,2
2402,2
2403,1
2404,1
2405,2
2406,2
2407,2
2408,1
2409,2
2410,2
2411,1
2412,1
2413,1
2414,1
2415,1
2416,2
2417,1
2418,2
2419,1
2420,1
2421,1
2422,1
2423,2
2424,2
2425,1
2426,1
2427,2
2428,1
2429,1
2430,1
2431,1
2432,1
2433,2
2434,1
2435,1
2436,1
2437,1
2438,1
2439,1
2440,1
2441,1
2442,1
2443,1
2444,1
2445,2
2446,1
2447,1
2448,2
2449,1
2450,2
2451,2
2452,1
2453,2
2454,2
2455,1
2456,1
2457,1
2458,1
2459,1
2460,2
2461,1
2462,2
2463,2
2464,1
2465,1
2466,1
2467,2
2468,1
2469,1
2470,1
2471,2
2472,1
2473,2
2474,2
2475,1
2476,1
2477,2
2478,1
2479,1
2480,1
2481,2
2482,1
2483,1
2484,1
2485,1
2486,1
2487,2
2488,1
2489,1
2490,1
2491,1
2492,1
2493,1
2494,1
2495,1
2496,2
2497,1
2498,1
2499,1
2500,2
2501,1
2502,1
2503,1
2504,1
2505,1
2506,1
2507,1
2508,2
2509,2
2510,1
2511,1
2512,1
2513,1
2514,1
2515,2
2516,2
2517,1
2518,2
2519,2
2520,2
2521,1
2522,1
2523,2
2524,2
2525,2
2526,2
2527,2
2528,2
2529,2
2530,2
2531,2
2532,1
2533,1
2534,1
2535,1
2536,1
2537,1
2538,1
2539,1
2540,1
2541,1
2542,1
2543,2
2544,1
2545,1
2546,1
2547,2
2548,1
2549,2
2550,1
2551,1
2552,2
2553,2
2554,2
2555,2
2556,1
2557,1
2558,2
2559,1
2560,1
2561,1
2562,1
2563,1
2564,1
2565,1
2566,2
2567,1
2568,1
2569,2
2570,2
2571,1
2572,1
2573,1
2574,1
2575,2
2576,2
2577,1
2578,1
2579,1
2580,1
2581,2
2582,1
2583,1
2584,2
2585,1
2586,2
2587,2
2588,1
2589,2
2590,1
2591,2
2592,1
2593,1
2594,1
2595,1
2596,1
2597,1
2598,1
2599,2
2600,2
2601,2
2602,1
2603,2
2604,2
2605,1
2606,1
2607,2
2608,1
2609,1
2610,2
2611,1
2612,2
2613,1
2614,1
2615,1
2616,1
2617,1
2618,1
2619,1
2620,1
2621,1
2622,1
2623,1
2624,1
2625,1
2626,1
2627,1
2628,2
2629,2
2630,1
2631,1
2632,2
2633,1
2634,1
2635,1
2636,1
2637,1
2638,1
2639,1
2640,2
2641,2
2642,2
2643,1
2644,2
2645,1
2646,2
2647,1
2648,1
2649,2
2650,1
2651,1
2652,2
2653,1
2654,1
2655,1
2656,1
2657,1
2658,2
2659,2
2660,2
2661,2
2662,2
2663,2
2664,1
2665,2
2666,2
2667,2
2668,1
2669,1
2670,2
2671,2
2672,1
2673,1
2674,1
2675,1
2676,2
2677,2
2678,1
2679,1
2680,1
2681,1
2682,1
2683,1
2684,1
2685,2
2686,1
2687,1
2688,1
2689,1
2690,1
2691,1
2692,2
2693,1
2694,1
2695,1
2696,1
2697,2
2698,1
2699,2
2700,2
2701,1
2702,1
2703,1
2704,1
2705,1
2706,1
2707,1
2708,1
2709,2
2710,1
2711,2
2712,1
2713,1
2714,1
2715,1
2716,1
2717,1
2718,1
2719,2
2720,1
2721,1
2722,1
2723,1
2724,1
2725,1
2726,1
2727,1
2728,2
2729,1
2730,1
2731,1
2732,1
2733,1
2734,1
2735,1
2736,1
2737,2
2738,1
2739,1
2740,2
2741,2
2742,1
2743,2
2744,2
2745,1
2746,1
2747,2
2748,1
2749,2
2750,1
2751,1
2752,2
2753,2
2754,1
2755,1
2756,1
2757,1
2758,1
2759,1
2760,2
2761,1
2762,2
2763,1
2764,1
2765,2
2766,2
2767,1
2768,2
2769,1
2770,1
2771,1
2772,1
2773,2
2774,1
2775,2
2776,1
2777,1
2778,2
2779,1
2780,1
2781,1
2782,1
2783,1
2784,2
2785,2
2786,2
2787,1
2788,2
2789,2
2790,1
2791,2
2792,2
2793,2
2794,2
2795,2
2796,2
2797,1
2798,2
2799,1
2800,1
2801,1
2802,1
2803,2
2804,1
2805,2
2806,1
2807,1
2808,2
2809,2
2810,1
2811,1
2812,1
2813,1
2814,2
2815,1
2816,1
2817,2
2818,1
2819,2
2820,1
2821,1
2822,2
2823,1
2824,1
2825,2
2826,2
2827,2
2828,2
2829,1
2830,1
2831,1
2832,1
2833,1
2834,1
2835,1
2836,1
2837,1
2838,1
2839,2
2840,1
2841,1
2842,2
2843,1
2844,1
2845,1
2846,1
2847,2
2848,1
2849,1
2850,1
2851,1
2852,1
2853,1
2854,1
2855,2
2856,2
2857,1
2858,2
2859,1
2860,1
2861,1
2862,1
2863,1
2864,1
2865,1
2866,1
2867,1
2868,1
2869,2
2870,1
2871,2
2872,2
2873,2
2874,1
2875,2
2876,2
2877,1
2878,2
2879,1
2880,1
2881,2
2882,1
2883,1
2884,2
2885,1
2886,1
2887,1
2888,1
2889,2
2890,1
2891,2
2892,2
2893,2
2894,2
2895,2
2896,1
2897,1
2898,1
2899,1
2900,1
2901,2
2902,1
2903,2
2904,1
2905,1
2906,1
2907,2
2908,1
2909,1
2910,1
2911,2
2912,1
2913,1
2914,1
2915,1
2916,1
2917,1
2918,2
2919,1
2920,1
2921,2
2922,2
2923,2
2924,2
2925,1
2926,1
2927,2
2928,1
2929,1
2930,1
2931,1
2932,2
2933,1
2934,1
2935,1
2936,1
2937,1
2938,2
2939,2
2940,1
2941,1
2942,2
2943,2
2944,1
2945,2
2946,2
2947,1
2948,2
2949,2
2950,1
2951,1
2952,1
2953,1
2954,2
2955,1
2956,1
2957,1
2958,1
2959,2
2960,2
2961,1
2962,1
2963,2
2964,1
2965,1
2966,2
2967,2
2968,2
2969,1
2970,1
2971,1
2972,2
2973,1
2974,1
2975,2
2976,1
2977,2
2978,2
2979,1
2980,2
2981,2
2982,1
2983,2
2984,2
2985,2
2986,1
2987,1
2988,1
2989,1
2990,1
2991,1
2992,2
2993,2
2994,2
2995,2
2996,1
2997,1
2998,2
2999,2
3000,2
3001,2
3002,2
3003,1
3004,1
3005,1
3006,2
3007,1
3008,1
3009,1
3010,1
3011,2
3012,2
3013,2
3014,2
3015,1
3016,2
3017,1
3018,1
3019,1
3020,1
3021,2
3022,1
3023,1
3024,1
3025,2
3026,1
3027,1
3028,1
3029,2
3030,1
3031,2
3032,1
3033,1
3034,2
3035,2
3036,2
3037,2
3038,2
3039,1
3040,2
3041,2
3042,1
3043,2
3044,1
3045,1
3046,2
3047,1
3048,2
3049,1
3050,2
3051,2
3052,1
3053,2
3054,2
3055,1
3056,2
3057,2
3058,1
3059,1
3060,1
3061,1
3062,1
3063,1
3064,2
3065,1
3066,2
3067,2
3068,2
3069,1
3070,1
3071,1
3072,2
3073,1
3074,1
3075,2
3076,2
3077,2
3078,1
3079,1
3080,2
3081,1
3082,1
3083,2
3084,2
3085,2
3086,2
3087,2
3088,2
3089,2
3090,1
3091,1
3092,1
3093,2
3094,1
3095,1
3096,2
3097,2
3098,1
3099,1
3100,1
3101,1
3102,1
3103,1
3104,2
3105,1
3106,1
3107,2
3108,1
3109,2
3110,1
3111,1
3112,2
3113,1
3114,1
3115,1
3116,1
3117,1
3118,2
3119,1
3120,2
3121,2
3122,2
3123,2
3124,1
3125,1
3126,1
3127,1
3128,2
3129,2
3130,2
3131,2
3132,1
3133,1
3134,1
3135,1
3136,1
3137,1
3138,2
3139,1
3140,1
3141,1
3142,1
3143,1
3144,1
3145,1
3146,1
3147,2
3148,1
3149,2
3150,1
3151,1
3152,1
3153,1
3154,1
3155,1
3156,1
3157,1
3158,1
3159,1
3160,1
3161,1
3162,1
3163,1
3164,1
3165,1
3166,2
3167,1
3168,1
3169,2
3170,1
3171,1
3172,1
3173,1
3174,2
3175,2
3176,2
3177,2
3178,2
3179,1
3180,1
3181,1
3182,1
3183,2
3184,2
3185,2
3186,2
3187,1
3188,2
3189,1
3190,1
3191,1
3192,1
3193,2
3194,1
3195,1
3196,1
3197,1
3198,1
3199,1
3200,2
3201,1
3202,1
3203,1
3204,1
3205,2
3206,1
3207,1
3208,1
3209,2
3210,1
3211,1
3212,1
3213,2
3214,1
3215,1
3216,1
3217,2
3218,1
3219,1
3220,2
3221,2
3222,2
3223,2
3224,1
3225,1
3226,1
3227,1
3228,1
3229,1
3230,1
3231,2
3232,1
3233,2
3234,1
3235,1
3236,1
3237,2
3238,1
3239,2
3240,1
3241,1
3242,2
3243,2
3244,2
3245,1
3246,2
3247,2
3248,2
3249,1
3250,2
3251,1
3252,1
3253,2
3254,1
3255,1
3256,2
3257,1
3258,2
3259,2
3260,1
3261,1
3262,1
3263,1
3264,2
3265,1
3266,1
3267,1
3268,1
3269,1
3270,2
3271,2
3272,2
3273,1
3274,1
3275,2
3276,2
3277,2
3278,2
3279,1
3280,2
3281,1
3282,2
3283,2
3284,2
3285,2
3286,1
3287,2
3288,2
3289,2
3290,1
3291,1
3292,2
3293,1
3294,2
3295,2
3296,2
3297,1
3298,1
3299,2
3300,1
3301,1
3302,2
3303,1
3304,1
3305,2
3306,1
3307,2
3308,1
3309,1
3310,1
3311,2
3312,1
3313,1
3314,2
3315,1
3316,1
3317,2
3318,1
3319,1
3320,1
3321,1
3322,1
3323,1
3324,1
3325,1
3326,2
3327,1
3328,2
3329,2
3330,1
3331,2
3332,1
3333,1
3334,2
3335,1
3336,1
3337,2
3338,1
3339,1
3340,2
3341,2
3342,2
3343,2
3344,1
3345,2
3346,2
3347,1
3348,1
3349,1
3350,1
3351,1
3352,2
3353,2
3354,1
3355,1
3356,2
3357,2
3358,2
3359,2
3360,1
3361,2
3362,2
3363,1
3364,2
3365,1
3366,1
3367,1
3368,2
3369,2
3370,2
3371,2
3372,1
3373,1
3374,2
3375,1
3376,2
3377,1
3378,2
3379,2
3380,1
3381,1
3382,2
3383,2
3384,1
3385,1
3386,2
3387,1
3388,1
3389,1
3390,1
3391,1
3392,1
3393,1
3394,2
3395,1
3396,1
3397,1
3398,1
3399,1
3400,1
3401,2
3402,2
3403,1
3404,2
3405,2
3406,1
3407,2
3408,1
3409,1
3410,1
3411,2
3412,1
3413,1
3414,1
3415,2
3416,2
3417,2
3418,1
3419,1
3420,1
3421,2
3422,1
3423,1
3424,2
3425,1
3426,1
3427,2
3428,1
3429,1
3430,1
3431,2
3432,1
3433,1
3434,2
3435,1
3436,2
3437,1
3438,2
3439,1
3440,1
3441,2
3442,1
3443,1
3444,1
3445,2
3446,2
3447,1
3448,1
3449,1
3450,2
3451,1
3452,1
3453,2
3454,2
3455,2
3456,2
3457,1
3458,2
3459,2
3460,1
3461,1
3462,2
3463,2
3464,2
3465,2
3466,1
3467,2
3468,2
3469,1
3470,1
3471,2
3472,1
3473,1
3474,2
3475,2
3476,1
3477,1
3478,2
3479,1
3480,1
3481,1
3482,2
3483,1
3484,2
3485,1
3486,1
3487,1
3488,1
3489,2
3490,2
3491,1
3492,2
3493,1
3494,1
3495,1
3496,1
3497,1
3498,1
3499,1
3500,2
3501,1
3502,2
3503,2
3504,2
3505,2
3506,2
3507,2
3508,1
3509,1
3510,1
3511,2
3512,1
3513,1
3514,1
3515,1
3516,2
3517,1
3518,1
3519,1
3520,2
3521,1
3522,2
3523,1
3524,1
3525,2
3526,2
3527,2
3528,2
3529,1
3530,1
3531,1
3532,1
3533,1
3534,1
3535,2
3536,1
3537,1
3538,1
3539,1
3540,2
3541,2
3542,2
3543,1
3544,2
3545,1
3546,1
3547,2
3548,1
3549,1
3550,1
3551,2
3552,2
3553,2
3554,2
3555,1
3556,1
3557,1
3558,1
3559,2
3560,1
3561,1
3562,2
3563,2
3564,1
3565,1
3566,1
3567,1
3568,1
3569,1
3570,1
3571,1
3572,2
3573,1
3574,1
3575,1
3576,2
3577,2
3578,2
3579,2
3580,2
3581,1
3582,2
3583,1
3584,1
3585,1
3586,2
3587,1
3588,2
3589,2
3590,2
3591,2
3592,1
3593,2
3594,1
3595,1
3596,1
3597,1
3598,2
3599,2
3600,1
3601,2
3602,2
3603,1
3604,1
3605,2
3606,2
3607,2
3608,2
3609,2
3610,2
3611,2
3612,2
3613,2
3614,2
3615,2
3616,2
3617,1
3618,1
3619,1
3620,1
3621,1
3622,1
3623,1
3624,1
3625,2
3626,1
3627,1
3628,2
3629,1
3630,1
3631,1
3632,1
3633,2
3634,2
3635,1
3636,1
3637,2
3638,1
3639,1
3640,1
3641,2
3642,1
3643,2
3644,1
3645,2
3646,1
3647,1
3648,1
3649,1
3650,1
3651,1
3652,2
3653,1
3654,2
3655,2
3656,2
3657,2
3658,1
3659,1
3660,2
3661,2
3662,1
3663,1
3664,2
3665,2
3666,2
3667,2
3668,2
3669,1
3670,2
3671,1
3672,2
3673,1
3674,2
3675,2
3676,1
3677,1
3678,2
3679,1
3680,1
3681,2
3682,1
3683,2
3684,1
3685,2
3686,2
3687,2
3688,2
3689,2
3690,2
3691,2
3692,2
3693,2
3694,1
3695,2
3696,2
3697,2
3698,1
3699,1
3700,1
3701,2
3702,1
3703,2
3704,1
3705,2
3706,2
3707,1
3708,2
3709,2
3710,1
3711,2
3712,1
3713,1
3714,1
3715,1
3716,1
3717,2
3718,1
3719,1
3720,2
3721,1
3722,2
3723,2
3724,2
3725,2
3726,2
3727,2
3728,2
3729,1
3730,1
3731,1
3732,1
3733,1
3734,1
3735,1
3736,1
3737,2
3738,2
3739,1
3740,1
3741,1
3742,2
3743,2
3744,2
3745,2
3746,2
3747,2
3748,1
3749,2
3750,2
3751,2
3752,2
3753,2
3754,1
3755,2
3756,2
3757,1
3758,1
3759,1
3760,1
3761,2
3762,1
3763,2
3764,1
3765,1
3766,1
3767,1
3768,1
3769,1
3770,2
3771,2
3772,1
3773,1
3774,1
3775,2
3776,1
3777,1
3778,1
3779,2
3780,2
3781,2
3782,1
3783,2
3784,1
3785,2
3786,1
3787,1
3788,2
3789,1
3790,2
3791,1
3792,1
3793,2
3794,1
3795,2
3796,1
3797,2
3798,1
3799,1
3800,2
3801,1
3802,2
3803,1
3804,1
3805,1
3806,1
3807,2
3808,2
3809,2
3810,1
3811,1
3812,1
3813,2
3814,1
3815,1
3816,1
3817,1
3818,2
3819,1
3820,1
3821,1
3822,2
3823,1
3824,2
3825,2
3826,1
3827,2
3828,1
3829,1
3830,1
3831,1
3832,2
3833,1
3834,1
3835,1
3836,2
3837,1
3838,2
3839,2
3840,2
3841,2
3842,1
3843,1
3844,2
3845,2
3846,2
3847,2
3848,2
3849,2
3850,2
3851,2
3852,2
3853,2
3854,2
3855,2
3856,2
3857,2
3858,1
3859,1
3860,1
3861,2
3862,2
3863,1
3864,1
3865,2
3866,1
3867,1
3868,2
3869,1
3870,1
3871,2
3872,1
3873,1
3874,1
3875,1
3876,1
3877,2
3878,1
3879,2
3880,2
3881,2
3882,2
3883,2
3884,2
3885,2
3886,1
3887,2
3888,2
3889,1
3890,1
3891,1
3892,1
3893,2
3894,2
3895,1
3896,1
3897,1
3898,2
3899,2
3900,1
3901,2
3902,2
3903,2
3904,1
3905,1
3906,1
3907,1
3908,1
3909,1
3910,1
3911,1
3912,1
3913,1
3914,1
3915,1
3916,1
3917,1
3918,1
3919,1
3920,1
3921,2
3922,1
3923,1
3924,1
3925,1
3926,2
3927,1
3928,2
3929,2
3930,1
3931,1
3932,2
3933,1
3934,1
3935,2
3936,1
3937,2
3938,2
3939,2
3940,1
3941,2
3942,2
3943,2
3944,2
3945,2
3946,1
3947,2
3948,1
3949,1
3950,2
3951,1
3952,1
3953,1
3954,2
3955,1
3956,1
3957,2
3958,1
3959,2
3960,1
3961,1
3962,2
3963,1
3964,1
3965,2
3966,2
3967,1
3968,1
3969,2
3970,2
3971,2
3972,2
3973,1
3974,1
3975,1
3976,1
3977,2
3978,1
3979,1
3980,2
3981,2
3982,2
3983,1
3984,1
3985,2
3986,1
3987,2
3988,1
3989,2
3990,2
3991,1
3992,1
3993,1
3994,1
3995,1
3996,1
3997,2
3998,1
3999,2
4000,1
4001,1
4002,2
4003,1
4004,1
4005,1
4006,1
4007,2
4008,1
4009,1
4010,1
4011,1
4012,1
4013,2
4014,1
4015,2
4016,2
4017,2
4018,1
4019,1
4020,1
4021,1
4022,1
4023,2
4024,2
4025,1
4026,1
4027,2
4028,2
4029,2
4030,2
4031,2
4032,1
4033,2
4034,1
4035,1
4036,2
4037,1
4038,1
4039,1
4040,1
4041,1
4042,1
4043,2
4044,2
4045,2
4046,1
4047,1
4048,1
4049,1
4050,1
4051,1
4052,1
4053,1
4054,1
4055,2
4056,2
4057,2
4058,2
4059,1
4060,1
4061,1
4062,1
4063,1
4064,2
4065,1
4066,1
4067,1
4068,1
4069,1
4070,1
4071,1
4072,1
4073,1
4074,1
4075,1
4076,1
4077,1
4078,1
4079,1
4080,2
4081,1
4082,1
4083,1
4084,1
4085,2
4086,1
4087,1
4088,1
4089,1
4090,2
4091,2
4092,1
4093,1
4094,1
4095,1
4096,1
4097,1
4098,1
4099,1
4100,1
4101,1
4102,1
4103,1
4104,1
4105,2
4106,2
4107,1
4108,1
4109,1
4110,2
4111,1
4112,2
4113,1
4114,1
4115,2
4116,1
4117,2
4118,1
4119,2
4120,2
4121,1
4122,1
4123,2
4124,1
4125,1
4126,2
4127,2
4128,2
4129,1
4130,2
4131,2
4132,2
4133,2
4134,1
4135,1
4136,1
4137,1
4138,1
4139,1
4140,1
4141,1
4142,2
4143,2
4144,2
4145,2
4146,1
4147,1
4148,1
4149,1
4150,2
4151,1
4152,1
4153,1
4154,1
4155,1
4156,1
4157,1
4158,1
4159,1
4160,1
4161,1
4162,1
4163,2
4164,2
4165,1
4166,1
4167,2
4168,2
4169,2
4170,1
4171,1
4172,2
4173,2
4174,1
4175,2
4176,1
4177,1
4178,1
4179,2
4180,2
4181,1
4182,1
4183,1
4184,2
4185,2
4186,1
4187,1
4188,1
4189,1
4190,2
4191,1
4192,1
4193,1
4194,1
4195,1
4196,1
4197,2
4198,1
4199,1
4200,2
4201,2
4202,2
4203,2
4204,1
4205,1
4206,1
4207,2
4208,2
4209,1
4210,1
4211,1
4212,1
4213,1
4214,1
4215,1
4216,2
4217,2
4218,1
4219,2
4220,1
4221,2
4222,1
4223,1
4224,1
4225,1
4226,1
4227,2
4228,2
4229,1
4230,1
4231,1
4232,1
4233,1
4234,1
4235,1
4236,1
4237,1
4238,1
4239,1
4240,1
4241,1
4242,1
4243,1
4244,1
4245,1
4246,1
4247,1
4248,1
4249,1
4250,1
4251,2
4252,2
4253,1
4254,1
4255,2
4256,1
4257,2
4258,2
4259,1
4260,1
4261,2
4262,2
4263,2
4264,2
4265,2
4266,2
4267,2
4268,1
4269,1
4270,2
4271,2
4272,2
4273,2
4274,2
4275,2
4276,1
4277,2
4278,1
4279,1
4280,2
4281,1
4282,1
4283,1
4284,1
4285,2
4286,1
4287,1
4288,1
4289,2
4290,1
4291,2
4292,1
4293,1
4294,1
4295,1
4296,1
4297,2
4298,1
4299,1
4300,1
4301,1
4302,1
4303,1
4304,1
4305,2
4306,2
4307,1
4308,2
4309,2
4310,2
4311,2
4312,2
4313,2
4314,1
4315,1
4316,1
4317,2
4318,1
4319,1
4320,1
4321,2
4322,2
4323,1
4324,1
4325,1
4326,1
4327,2
4328,2
4329,1
4330,1
4331,1
4332,1
4333,1
4334,1
4335,1
4336,1
4337,1
4338,1
4339,1
4340,1
4341,2
4342,1
4343,1
4344,1
4345,1
4346,1
4347,1
4348,1
4349,1
4350,1
4351,2
4352,1
4353,1
4354,2
4355,1
4356,1
4357,2
4358,1
4359,1
4360,2
4361,1
4362,1
4363,2
4364,2
4365,1
4366,2
4367,2
4368,2
4369,2
4370,1
4371,1
4372,2
4373,2
4374,1
4375,1
4376,1
4377,2
4378,1
4379,1
4380,2
4381,2
4382,2
4383,1
4384,1
4385,2
4386,1
4387,1
4388,2
4389,1
4390,2
4391,1
4392,1
4393,1
4394,1
4395,1
4396,1
4397,1
4398,1
4399,1
4400,2
4401,2
4402,1
4403,1
4404,2
4405,1
4406,2
4407,2
4408,2
4409,2
4410,2
4411,2
4412,1
4413,1
4414,2
4415,1
4416,2
4417,1
4418,1
4419,1
4420,1
4421,1
4422,1
4423,1
4424,1
4425,1
4426,1
4427,1
4428,1
4429,1
4430,1
4431,2
4432,1
4433,1
4434,1
4435,1
4436,1
4437,2
4438,1
4439,1
4440,1
4441,1
4442,1
4443,1
4444,1
4445,1
4446,1
4447,1
4448,1
4449,1
4450,1
4451,1
4452,1
4453,1
4454,1
4455,1
4456,1
4457,1
4458,1
4459,1
4460,1
4461,1
4462,2
4463,1
4464,1
4465,1
4466,1
4467,1
4468,1
4469,1
4470,2
4471,1
4472,1
4473,1
4474,1
4475,1
4476,1
4477,2
4478,1
4479,2
4480,2
4481,1
4482,1
4483,1
4484,2
4485,1
4486,2
4487,1
4488,2
4489,2
4490,2
4491,1
4492,1
4493,1
4494,1
4495,2
4496,2
4497,1
4498,1
4499,2
4500,1
4501,1
4502,2
4503,1
4504,2
4505,2
4506,1
4507,1
4508,1
4509,2
4510,1
4511,1
4512,2
4513,1
4514,1
4515,2
4516,1
4517,1
4518,2
4519,2
4520,1
4521,2
4522,2
4523,1
4524,2
4525,1
4526,1
4527,1
4528,2
4529,1
4530,2
4531,2
4532,2
4533,1
4534,1
4535,1
4536,2
4537,2
4538,1
4539,1
4540,1
4541,1
4542,1
4543,2
4544,1
4545,1
4546,1
4547,1
4548,1
4549,1
4550,2
4551,2
4552,2
4553,1
4554,2
4555,1
4556,1
4557,1
4558,1
4559,1
4560,1
4561,1
4562,1
4563,1
4564,1
4565,1
4566,1
4567,1
4568,1
4569,1
4570,1
4571,2
4572,1
4573,1
4574,1
4575,1
4576,1
4577,1
4578,1
4579,1
4580,1
4581,1
4582,1
4583,1
4584,1
4585,1
4586,1
4587,1
4588,1
4589,1
4590,1
4591,1
4592,1
4593,1
4594,1
4595,1
4596,1
4597,1
4598,1
4599,1
4600,1
4601,1
4602,1
4603,1
4604,1
4605,2
4606,1
4607,1
4608,1
4609,2
4610,1
4611,1
4612,1
4613,1
4614,1
4615,1
4616,1
4617,1
4618,1
4619,1
4620,1
4621,1
4622,2
4623,2
4624,2
4625,1
4626,1
4627,1
4628,2
4629,2
4630,2
4631,1
4632,1
4633,2
4634,2
4635,2
4636,2
4637,2
4638,2
4639,2
4640,2
4641,2
4642,1
4643,1
4644,2
4645,1
4646,2
4647,1
4648,2
4649,2
4650,1
4651,2
4652,2
4653,2
4654,1
4655,2
4656,2
4657,1
4658,1
4659,2
4660,1
4661,1
4662,1
4663,2
4664,2
4665,2
4666,1
4667,1
4668,1
4669,1
4670,1
4671,2
4672,1
4673,2
4674,2
4675,2
4676,1
4677,2
4678,2
4679,2
4680,1
4681,1
4682,1
4683,2
4684,1
4685,1
4686,2
4687,1
4688,2
4689,1
4690,2
4691,1
4692,1
4693,1
4694,1
4695,1
4696,1
4697,2
4698,1
4699,1
4700,1
4701,1
4702,1
4703,2
4704,2
4705,2
4706,1
4707,1
4708,1
4709,1
4710,2
4711,2
4712,2
4713,1
4714,1
4715,1
4716,1
4717,2
4718,2
4719,1
4720,1
4721,1
4722,1
4723,1
4724,1
4725,1
4726,1
4727,1
4728,1
4729,1
4730,1
4731,1
4732,1
4733,1
4734,1
4735,1
4736,1
4737,1
4738,1
4739,2
4740,1
4741,1
4742,2
4743,2
4744,2
4745,2
4746,1
4747,1
4748,2
4749,1
4750,1
4751,2
4752,1
4753,2
4754,1
4755,2
4756,1
4757,1
4758,1
4759,2
4760,2
4761,1
4762,1
4763,2
4764,2
4765,2
4766,1
4767,1
4768,2
4769,1
4770,1
4771,1
4772,2
4773,2
4774,1
4775,1
4776,1
4777,2
4778,2
4779,2
4780,2
4781,2
4782,1
4783,1
4784,1
4785,1
4786,1
4787,1
4788,1
4789,1
4790,1
4791,1
4792,1
4793,1
4794,1
4795,1
4796,1
4797,1
4798,1
4799,2
4800,1
4801,1
4802,1
4803,1
4804,1
4805,2
4806,1
4807,1
4808,2
4809,1
4810,2
4811,1
4812,1
4813,1
4814,2
4815,1
4816,2
4817,1
4818,1
4819,2
4820,1
4821,1
4822,2
4823,1
4824,1
4825,2
4826,1
4827,1
4828,1
4829,1
4830,1
4831,1
4832,2
4833,2
4834,1
4835,1
4836,1
4837,2
4838,2
4839,2
4840,1
4841,1
4842,2
4843,1
4844,1
4845,2
4846,2
4847,2
4848,1
4849,2
4850,1
4851,1
4852,1
4853,2
4854,2
4855,1
4856,1
4857,2
4858,2
4859,1
4860,1
4861,1
4862,1
4863,2
4864,1
4865,1
4866,2
4867,1
4868,2
4869,1
4870,2
4871,1
4872,1
4873,1
4874,1
4875,2
4876,1
4877,1
4878,1
4879,1
4880,2
4881,1
4882,1
4883,1
4884,1
4885,1
4886,1
4887,1
4888,1
4889,1
4890,1
4891,1
4892,1
4893,1
4894,1
4895,1
4896,1
4897,1
4898,1
4899,2
4900,1
4901,2
4902,1
4903,1
4904,2
4905,1
4906,1
4907,2
4908,1
4909,2
4910,1
4911,2
4912,1
4913,1
4914,2
4915,2
4916,1
4917,1
4918,1
4919,1
4920,1
4921,1
4922,1
4923,1
4924,1
4925,2
4926,2
4927,2
4928,1
4929,1
4930,1
4931,2
4932,1
4933,1
4934,2
4935,1
4936,1
4937,1
4938,1
4939,1
4940,1
4941,1
4942,2
4943,2
4944,1
4945,1
4946,1
4947,2
4948,1
4949,1
4950,2
4951,1
4952,2
4953,1
4954,1
4955,1
4956,1
4957,1
4958,2
4959,1
4960,1
4961,1
4962,2
4963,1
4964,1
4965,2
4966,1
4967,1
4968,2
4969,2
4970,1
4971,1
4972,1
4973,1
4974,2
4975,1
4976,1
4977,2
4978,1
4979,2
4980,1
4981,2
4982,1
4983,1
4984,1
4985,2
4986,2
4987,1
4988,1
4989,2
4990,1
4991,1
4992,2
4993,2
4994,1
4995,2
4996,1
4997,1
4998,2
4999,1
5000,1
5001,2
5002,1
5003,1
5004,1
5005,2
5006,1
5007,1
5008,1
5009,1
5010,1
5011,1
5012,1
5013,1
5014,1
5015,1
5016,1
5017,1
5018,1
5019,1
5020,1
5021,1
5022,1
5023,1
5024,1
5025,1
5026,1
5027,2
5028,2
5029,1
5030,2
5031,2
5032,1
5033,2
5034,1
5035,1
5036,2
5037,2
5038,1
5039,2
5040,1
5041,1
5042,1
5043,1
5044,1
5045,1
5046,1
5047,2
5048,1
5049,2
5050,1
5051,1
5052,1
5053,1
5054,1
5055,2
5056,1
5057,1
5058,2
5059,1
5060,1
5061,1
5062,1
5063,1
5064,2
5065,1
5066,2
5067,1
5068,1
5069,1
5070,2
5071,2
5072,1
5073,1
5074,1
5075,1
5076,2
5077,1
5078,2
5079,1
5080,1
5081,1
5082,1
5083,2
5084,1
5085,1
5086,1
5087,1
5088,1
5089,1
5090,2
5091,2
5092,1
5093,2
5094,1
5095,1
5096,2
5097,2
5098,2
5099,2
5100,2
5101,2
5102,1
5103,1
5104,2
5105,1
5106,2
5107,1
5108,1
5109,1
5110,2
5111,1
5112,2
5113,2
5114,1
5115,1
5116,1
5117,1
5118,1
5119,2
5120,2
5121,2
5122,1
5123,1
5124,1
5125,1
5126,2
5127,2
5128,1
5129,2
5130,1
5131,1
5132,1
5133,1
5134,1
5135,1
5136,1
5137,1
5138,1
5139,2
5140,2
5141,1
5142,2
5143,1
5144,1
5145,2
5146,2
5147,1
5148,2
5149,1
5150,2
5151,2
5152,1
5153,1
5154,1
5155,2
5156,2
5157,2
5158,2
5159,1
5160,2
5161,1
5162,1
5163,1
5164,1
5165,1
5166,2
5167,2
5168,1
5169,2
5170,2
5171,2
5172,1
5173,1
5174,2
5175,2
5176,2
5177,1
5178,1
5179,2
5180,1
5181,2
5182,1
5183,1
5184,1
5185,2
5186,2
5187,1
5188,1
5189,1
5190,1
5191,1
5192,2
5193,2
5194,2
5195,2
5196,2
5197,1
5198,1
5199,1
5200,1
5201,2
5202,1
5203,1
5204,1
5205,1
5206,2
5207,2
5208,1
5209,2
5210,1
5211,2
5212,1
5213,1
5214,1
5215,1
5216,2
5217,2
5218,1
5219,1
5220,2
5221,1
5222,2
5223,1
5224,1
5225,1
5226,1
5227,1
5228,1
5229,1
5230,1
5231,1
5232,2
5233,2
5234,1
5235,1
5236,1
5237,2
5238,2
5239,1
5240,1
5241,1
5242,1
5243,2
5244,2
5245,2
5246,2
5247,2
5248,2
5249,1
5250,1
5251,2
5252,2
5253,1
5254,1
5255,2
5256,1
5257,1
5258,2
5259,2
5260,2
5261,1
5262,1
5263,2
5264,2
5265,1
5266,1
5267,1
5268,1
5269,1
5270,1
5271,1
5272,1
5273,2
5274,1
5275,2
5276,1
5277,1
5278,1
5279,2
5280,1
5281,2
5282,1
5283,1
5284,1
5285,2
5286,2
5287,2
5288,2
5289,2
5290,2
5291,1
5292,1
5293,1
5294,1
5295,1
5296,1
5297,1
5298,2
5299,2
5300,2
5301,1
5302,2
5303,1
5304,1
5305,1
5306,2
5307,1
5308,1
5309,1
5310,1
5311,1
5312,1
5313,1
5314,1
5315,1
5316,1
5317,1
5318,1
5319,1
5320,1
5321,2
5322,2
5323,1
5324,1
5325,2
5326,1
5327,1
5328,2
5329,1
5330,1
5331,1
5332,1
5333,1
5334,1
5335,1
5336,1
5337,1
5338,1
5339,1
5340,1
5341,1
5342,1
5343,1
5344,1
5345,1
5346,2
5347,1
5348,2
5349,2
5350,2
5351,2
5352,1
5353,2
5354,1
5355,2
5356,2
5357,2
5358,1
5359,1
5360,1
5361,2
5362,1
5363,2
5364,2
5365,1
5366,2
5367,2
5368,2
5369,1
5370,1
5371,1
5372,1
5373,2
5374,1
5375,1
5376,1
5377,1
5378,1
5379,1
5380,1
5381,2
5382,2
5383,2
5384,2
5385,2
5386,1
5387,2
5388,1
5389,2
5390,1
5391,2
5392,1
5393,2
5394,2
5395,1
5396,2
5397,1
5398,2
5399,1
5400,2
5401,1
5402,2
5403,1
5404,2
5405,2
5406,2
5407,2
5408,2
5409,1
5410,2
5411,2
5412,1
5413,2
5414,2
5415,2
5416,1
5417,1
5418,1
5419,1
5420,1
5421,1
5422,2
5423,2
5424,1
5425,1
5426,2
5427,1
5428,1
5429,2
5430,1
5431,1
5432,1
5433,1
5434,2
5435,2
5436,2
5437,2
5438,2
5439,2
5440,2
5441,1
5442,1
5443,1
5444,1
5445,2
5446,2
5447,1
5448,1
5449,1
5450,1
5451,1
5452,1
5453,1
5454,1
5455,1
5456,1
5457,1
5458,2
5459,2
5460,2
5461,1
5462,1
5463,1
5464,1
5465,2
5466,2
5467,1
5468,1
5469,1
5470,1
5471,2
5472,1
5473,1
5474,1
5475,1
5476,1
5477,1
5478,2
5479,1
5480,2
5481,1
5482,1
5483,1
5484,1
5485,1
5486,1
5487,1
5488,1
5489,2
5490,1
5491,1
5492,1
5493,1
5494,1
5495,2
5496,1
5497,1
5498,1
5499,1
5500,1
5501,1
5502,1
5503,1
5504,1
5505,1
5506,1
5507,1
5508,1
5509,1
5510,2
5511,2
5512,1
5513,1
5514,2
5515,2
5516,1
5517,1
5518,1
5519,1
5520,2
5521,2
5522,2
5523,1
5524,2
5525,1
5526,1
5527,1
5528,1
5529,1
5530,1
5531,1
5532,1
5533,1
5534,1
5535,1
5536,1
5537,1
5538,2
5539,2
5540,1
5541,1
5542,1
5543,2
5544,1
5545,1
5546,1
5547,1
5548,1
5549,1
5550,1
5551,1
5552,1
5553,1
5554,1
5555,2
5556,2
5557,1
5558,1
5559,2
5560,1
5561,1
5562,1
5563,2
5564,2
5565,1
5566,1
5567,2
5568,2
5569,1
5570,2
5571,1
5572,1
5573,1
5574,1
5575,1
5576,2
5577,1
5578,1
5579,2
5580,1
5581,2
5582,1
5583,1
5584,2
5585,1
5586,2
5587,1
5588,1
5589,1
5590,1
5591,1
5592,2
5593,2
5594,2
5595,1
5596,1
5597,1
5598,1
5599,2
5600,1
5601,1
5602,2
5603,1
5604,2
5605,1
5606,1
5607,1
5608,1
5609,2
5610,2
5611,1
5612,1
5613,1
5614,1
5615,1
5616,1
5617,1
5618,1
5619,1
5620,1
5621,1
5622,1
5623,1
5624,1
5625,1
5626,1
5627,1
5628,1
5629,1
5630,1
5631,1
5632,1
5633,1
5634,1
5635,1
5636,1
5637,1
5638,1
5639,1
5640,1
5641,2
5642,1
5643,1
5644,1
5645,1
5646,1
5647,1
5648,1
5649,1
5650,1
5651,2
5652,1
5653,1
5654,2
5655,2
5656,2
5657,1
5658,1
5659,2
5660,1
5661,1
5662,1
5663,2
5664,1
5665,1
5666,2
5667,1
5668,2
5669,2
5670,2
5671,2
5672,2
5673,2
5674,2
5675,2
5676,2
5677,1
5678,2
5679,1
5680,1
5681,2
5682,1
5683,1
5684,2
5685,2
5686,1
5687,2
5688,1
5689,1
5690,1
5691,2
5692,1
5693,2
5694,1
5695,1
5696,1
5697,1
5698,1
5699,1
5700,2
5701,2
5702,1
5703,1
5704,2
5705,1
5706,1
5707,1
5708,2
5709,1
5710,1
5711,1
5712,1
5713,1
5714,1
5715,1
5716,2
5717,2
5718,1
5719,1
5720,1
5721,2
5722,1
5723,2
5724,2
5725,1
5726,1
5727,1
5728,2
5729,2
5730,2
5731,2
5732,2
5733,2
5734,1
5735,1
5736,1
5737,1
5738,1
5739,1
5740,1
5741,1
5742,2
5743,1
5744,1
5745,2
5746,1
5747,1
5748,1
5749,1
5750,1
5751,1
5752,2
5753,2
5754,2
5755,1
5756,1
5757,1
5758,1
5759,1
5760,2
5761,1
5762,1
5763,2
5764,2
5765,1
5766,1
5767,2
5768,1
5769,2
5770,2
5771,1
5772,2
5773,1
5774,1
5775,2
5776,1
5777,1
5778,2
5779,1
5780,1
5781,1
5782,2
5783,1
5784,1
5785,1
5786,2
5787,1
5788,1
5789,1
5790,1
5791,1
5792,1
5793,1
5794,1
5795,1
5796,1
5797,1
5798,1
5799,1
5800,2
5801,2
5802,2
5803,2
5804,2
5805,1
5806,2
5807,2
5808,2
5809,1
5810,1
5811,1
5812,2
5813,2
5814,1
5815,1
5816,1
5817,1
5818,1
5819,1
5820,1
5821,1
5822,1
5823,2
5824,2
5825,1
5826,2
5827,1
5828,2
5829,1
5830,2
5831,1
5832,1
5833,1
5834,1
5835,2
5836,1
5837,2
5838,1
5839,2
5840,1
5841,1
5842,1
5843,1
5844,2
5845,2
5846,2
5847,1
5848,1
5849,1
5850,1
5851,1
5852,1
5853,1
5854,2
5855,1
5856,2
5857,2
5858,1
5859,1
5860,1
5861,1
5862,1
5863,2
5864,2
5865,1
5866,1
5867,2
5868,2
5869,1
5870,2
5871,2
5872,2
5873,1
5874,1
5875,1
5876,1
5877,1
5878,2
5879,1
5880,1
5881,1
5882,1
5883,2
5884,1
5885,1
5886,2
5887,1
5888,1
5889,2
5890,1
5891,1
5892,1
5893,1
5894,1
5895,1
5896,2
5897,1
5898,1
5899,1
5900,1
5901,2
5902,1
5903,2
5904,1
5905,1
5906,1
5907,1
5908,1
5909,2
5910,1
5911,1
5912,1
5913,1
5914,1
5915,2
5916,1
5917,1
5918,1
5919,1
5920,1
5921,1
5922,1
5923,2
5924,2
5925,1
5926,1
5927,1
5928,1
5929,1
5930,1
5931,1
5932,1
5933,1
5934,2
5935,1
5936,1
5937,1
5938,1
5939,1
5940,2
5941,2
5942,1
5943,1
5944,1
5945,1
5946,1
5947,1
5948,1
5949,1
5950,1
5951,1
5952,1
5953,1
5954,1
5955,1
5956,1
5957,1
5958,1
5959,1
5960,1
5961,1
5962,1
5963,1
5964,1
5965,2
5966,1
5967,1
5968,1
5969,1
5970,1
5971,1
5972,1
5973,1
5974,1
5975,2
5976,1
5977,1
5978,1
5979,2
5980,1
5981,1
5982,1
5983,1
5984,1
5985,2
5986,1
5987,2
5988,1
5989,1
5990,1
5991,1
5992,1
5993,1
5994,1
5995,1
5996,1
5997,1
5998,1
5999,1
6000,1
6001,1
6002,2
6003,1
6004,1
6005,1
6006,1
6007,1
6008,1
6009,1
6010,1
6011,1
6012,1
6013,1
6014,1
6015,1
6016,1
6017,1
6018,1
6019,1
6020,1
6021,1
6022,1
6023,1
6024,1
6025,2
6026,1
6027,2
6028,1
6029,1
6030,1
6031,1
6032,1
6033,1
6034,1
6035,1
6036,1
6037,1
6038,2
6039,1
6040,1
6041,1
6042,1
6043,1
6044,1
6045,2
6046,1
6047,1
6048,1
6049,1
6050,1
6051,1
6052,1
6053,1
6054,1
6055,1
6056,1
6057,1
6058,1
6059,1
6060,1
6061,1
6062,1
6063,1
6064,1
6065,1
6066,1
6067,2
6068,2
6069,1
6070,1
6071,1
6072,1
6073,1
6074,1
6075,1
6076,1
6077,1
6078,1
6079,1
6080,2
6081,1
6082,1
6083,1
6084,1
6085,1
6086,1
6087,1
6088,1
6089,1
6090,2
6091,1
6092,1
6093,1
6094,1
6095,2
6096,1
6097,1
6098,1
6099,1
6100,1
6101,2
6102,2
6103,2
6104,1
6105,1
6106,2
6107,1
6108,1
6109,1
6110,1
6111,1
6112,1
6113,1
6114,1
6115,1
6116,1
6117,1
6118,1
6119,1
6120,1
6121,1
6122,1
6123,1
6124,1
6125,1
6126,1
6127,2
6128,1
6129,1
6130,1
6131,1
6132,1
6133,2
6134,1
6135,1
6136,1
6137,1
6138,2
6139,1
6140,2
6141,1
6142,1
6143,1
6144,1
6145,1
6146,1
6147,2
6148,1
6149,1
6150,1
6151,1
6152,1
6153,1
6154,1
6155,1
6156,1
6157,2
6158,1
6159,1
6160,1
6161,1
6162,2
6163,1
6164,1
6165,1
6166,1
6167,2
6168,2
6169,1
6170,1
6171,1
6172,1
6173,1
6174,1
6175,2
6176,1
6177,1
6178,2
6179,1
6180,1
6181,1
6182,1
6183,1
6184,1
6185,1
6186,1
6187,1
6188,1
6189,1
6190,1
6191,1
6192,1
6193,1
6194,1
6195,2
6196,1
6197,1
6198,1
6199,2
6200,1
6201,1
6202,1
6203,1
6204,1
6205,1
6206,1
6207,1
6208,1
6209,1
6210,1
6211,1
6212,1
6213,1
6214,2
6215,1
6216,1
6217,2
6218,1
6219,1
6220,2
6221,1
6222,1
6223,1
6224,1
6225,1
6226,1
6227,1
6228,1
6229,2
6230,1
6231,1
6232,1
6233,1
6234,1
6235,1
6236,1
6237,1
6238,1
6239,1
6240,1
6241,1
6242,1
6243,1
6244,1
6245,1
6246,1
6247,1
6248,1
6249,1
6250,2
6251,2
6252,1
6253,2
6254,2
6255,1
6256,1
6257,1
6258,1
6259,2
6260,1
6261,1
6262,1
6263,2
6264,2
6265,2
6266,2
6267,1
6268,1
6269,1
6270,1
6271,1
6272,1
6273,1
6274,1
6275,1
6276,2
6277,2
6278,1
6279,1
6280,2
6281,1
6282,2
6283,1
6284,1
6285,1
6286,1
6287,1
6288,1
6289,1
6290,1
6291,1
6292,2
6293,1
6294,1
6295,2
6296,2
6297,1
6298,1
6299,1
6300,1
6301,1
6302,2
6303,1
6304,1
6305,2
6306,1
6307,1
6308,1
6309,1
6310,1
6311,1
6312,1
6313,1
6314,1
6315,1
6316,1
6317,1
6318,1
6319,2
6320,2
6321,1
6322,1
6323,1
6324,2
6325,1
6326,1
6327,1
6328,1
6329,1
6330,1
6331,1
6332,1
6333,1
6334,1
6335,1
6336,2
6337,1
6338,1
6339,1
6340,1
6341,1
6342,2
6343,1
6344,1
6345,1
6346,1
6347,1
6348,2
6349,1
6350,1
6351,1
6352,1
6353,1
6354,1
6355,1
6356,1
6357,1
6358,2
6359,1
6360,1
6361,2
6362,2
6363,1
6364,1
6365,2
6366,1
6367,1
6368,1
6369,2
6370,1
6371,1
6372,2
6373,1
6374,2
6375,1
6376,1
6377,1
6378,1
6379,2
6380,1
6381,1
6382,2
6383,1
6384,1
6385,1
6386,2
6387,1
6388,1
6389,1
6390,2
6391,1
6392,1
6393,1
6394,2
6395,1
6396,1
6397,1
6398,1
6399,2
6400,1
6401,1
6402,2
6403,1
6404,1
6405,2
6406,1
6407,1
6408,2
6409,2
6410,1
6411,1
6412,2
6413,1
6414,2
6415,1
6416,1
6417,2
6418,1
6419,1
6420,1
6421,2
6422,1
6423,1
6424,1
6425,1
6426,1
6427,2
6428,1
6429,1
6430,1
6431,2
6432,1
6433,1
6434,1
6435,1
6436,1
6437,1
6438,1
6439,1
6440,1
6441,1
6442,1
6443,1
6444,1
6445,1
6446,1
6447,1
6448,1
6449,1
6450,1
6451,1
6452,2
6453,1
6454,1
6455,1
6456,2
6457,2
6458,2
6459,1
6460,2
6461,2
6462,1
6463,1
6464,1
6465,1
6466,1
6467,1
6468,1
6469,1
6470,2
6471,1
6472,1
6473,1
6474,1
6475,1
6476,1
6477,1
6478,2
6479,1
6480,1
6481,1
6482,1
6483,1
6484,2
6485,1
6486,1
6487,1
6488,2
6489,1
6490,1
6491,2
6492,1
6493,1
6494,1
6495,1
6496,2
6497,1
6498,1
6499,2
6500,1
6501,1
6502,1
6503,1
6504,1
6505,2
6506,2
6507,2
6508,2
6509,2
6510,2
6511,1
6512,1
6513,1
6514,2
6515,2
6516,1
6517,1
6518,1
6519,1
6520,2
6521,2
6522,1
6523,1
6524,1
6525,2
6526,1
6527,1
6528,1
6529,1
6530,1
6531,1
6532,1
6533,2
6534,1
6535,1
6536,1
6537,1
6538,1
6539,2
6540,1
6541,1
6542,1
6543,2
6544,1
6545,1
6546,1
6547,1
6548,1
6549,1
6550,2
6551,1
6552,1
6553,1
6554,1
6555,1
6556,1
6557,2
6558,1
6559,1
6560,2
6561,2
6562,1
6563,1
6564,1
6565,1
6566,1
6567,1
6568,1
6569,2
6570,1
6571,1
6572,2
6573,2
6574,1
6575,1
6576,1
6577,1
6578,1
6579,1
6580,1
6581,1
6582,1
6583,1
6584,1
6585,1
6586,1
6587,2
6588,2
6589,1
6590,1
6591,1
6592,1
6593,1
6594,1
6595,1
6596,1
6597,1
6598,1
6599,1
6600,1
6601,1
6602,2
6603,1
6604,2
6605,1
6606,1
6607,1
6608,1
6609,1
6610,1
6611,1
6612,2
6613,1
6614,2
6615,1
6616,1
6617,1
6618,1
6619,2
6620,1
6621,1
6622,1
6623,1
6624,1
6625,1
6626,1
6627,1
6628,1
6629,1
6630,1
6631,1
6632,1
6633,1
6634,1
6635,1
6636,2
6637,1
6638,1
6639,1
6640,1
6641,1
6642,1
6643,1
6644,1
6645,1
6646,1
6647,2
6648,1
6649,1
6650,1
6651,1
6652,2
6653,2
6654,1
6655,1
6656,1
6657,1
6658,1
6659,2
6660,2
6661,2
6662,1
6663,1
6664,2
6665,1
6666,1
6667,1
6668,1
6669,1
6670,1
6671,1
6672,2
6673,2
6674,2
6675,2
6676,1
6677,2
6678,1
6679,2
6680,1
6681,1
6682,1
6683,1
6684,1
6685,1
6686,1
6687,1
6688,1
6689,1
6690,1
6691,2
6692,1
6693,1
6694,2
6695,1
6696,2
6697,1
6698,2
6699,1
6700,1
6701,1
6702,1
6703,1
6704,1
6705,1
6706,1
6707,1
6708,1
6709,1
6710,2
6711,1
6712,1
6713,1
6714,1
6715,2
6716,1
6717,1
6718,2
6719,2
6720,1
6721,1
6722,1
6723,1
6724,1
6725,2
6726,1
6727,1
6728,1
6729,2
6730,1
6731,1
6732,2
6733,2
6734,1
6735,1
6736,1
6737,1
6738,1
6739,1
6740,1
6741,1
6742,2
6743,2
6744,1
6745,2
6746,1
6747,1
6748,1
6749,1
6750,1
6751,2
6752,1
6753,1
6754,1
6755,1
6756,1
6757,1
6758,1
6759,1
6760,1
6761,1
6762,1
6763,1
6764,2
6765,1
6766,1
6767,2
6768,1
6769,1
6770,1
6771,2
6772,1
6773,1
6774,2
6775,2
6776,1
6777,1
6778,1
6779,1
6780,1
6781,1
6782,1
6783,2
6784,1
6785,1
6786,2
6787,1
6788,1
6789,2
6790,1
6791,1
6792,2
6793,1
6794,1
6795,1
6796,2
6797,1
6798,1
6799,1
6800,1
6801,1
6802,1
6803,1
6804,2
6805,1
6806,1
6807,2
6808,1
6809,1
6810,1
6811,2
6812,1
6813,1
6814,1
6815,1
6816,1
6817,1
6818,1
6819,1
6820,1
6821,2
6822,1
6823,2
6824,1
6825,2
6826,2
6827,1
6828,2
6829,1
6830,1
6831,1
6832,1
6833,1
6834,1
6835,2
6836,2
6837,2
6838,1
6839,2
6840,1
6841,1
6842,2
6843,1
6844,1
6845,1
6846,1
6847,1
6848,1
6849,1
6850,2
6851,1
6852,1
6853,1
6854,1
6855,1
6856,1
6857,1
6858,2
6859,1
6860,1
6861,1
6862,1
6863,1
6864,1
6865,1
6866,1
6867,1
6868,1
6869,2
6870,1
6871,1
6872,2
6873,1
6874,2
6875,1
6876,1
6877,1
6878,1
6879,1
6880,1
6881,1
6882,1
6883,1
6884,1
6885,1
6886,2
6887,1
6888,1
6889,1
6890,2
6891,2
6892,1
6893,1
6894,1
6895,2
6896,2
6897,1
6898,1
6899,1
6900,1
6901,1
6902,2
6903,1
6904,1
6905,1
6906,1
6907,2
6908,1
6909,1
6910,1
6911,1
6912,1
6913,1
6914,1
6915,1
6916,1
6917,1
6918,2
6919,1
6920,2
6921,1
6922,1
6923,2
6924,2
6925,1
6926,1
6927,1
6928,1
6929,1
6930,1
6931,2
6932,1
6933,2
6934,1
6935,1
6936,2
6937,1
6938,2
6939,1
6940,1
6941,1
6942,2
6943,1
6944,1
6945,1
6946,1
6947,1
6948,1
6949,1
6950,1
6951,1
6952,2
6953,1
6954,2
6955,1
6956,2
6957,1
6958,1
6959,1
6960,1
6961,1
6962,1
6963,1
6964,2
6965,1
6966,2
6967,1
6968,1
6969,1
6970,2
6971,2
6972,2
6973,1
6974,1
6975,2
6976,1
6977,2
6978,1
6979,1
6980,1
6981,1
6982,2
6983,1
6984,1
6985,1
6986,1
6987,1
6988,1
6989,1
6990,1
6991,1
6992,1
6993,1
6994,1
6995,1
6996,1
6997,2
6998,1
6999,2
7000,1
7001,1
7002,1
7003,1
7004,1
7005,1
7006,1
7007,2
7008,1
7009,1
7010,1
7011,1
7012,1
7013,1
7014,1
7015,1
7016,1
7017,1
7018,2
7019,1
7020,1
7021,1
7022,1
7023,1
7024,1
7025,2
7026,1
7027,1
7028,1
7029,2
7030,2
7031,1
7032,1
7033,1
7034,2
7035,1
7036,1
7037,1
7038,1
7039,1
7040,2
7041,1
7042,1
7043,1
7044,1
7045,1
7046,1
7047,1
7048,1
7049,1
7050,1
7051,2
7052,1
7053,1
7054,1
7055,2
7056,1
7057,1
7058,1
7059,1
7060,2
7061,1
7062,1
7063,1
7064,1
7065,1
7066,1
7067,1
7068,1
7069,1
7070,2
7071,1
7072,1
7073,1
7074,1
7075,1
7076,1
7077,1
7078,1
7079,1
7080,1
7081,2
7082,2
7083,2
7084,2
7085,1
7086,2
7087,1
7088,1
7089,1
7090,1
7091,1
7092,1
7093,1
7094,1
7095,1
7096,1
7097,1
7098,1
7099,2
7100,1
7101,2
7102,2
7103,1
7104,1
7105,1
7106,1
7107,1
7108,1
7109,1
7110,1
7111,1
7112,1
7113,2
7114,1
7115,1
7116,1
7117,1
7118,1
7119,1
7120,1
7121,2
7122,1
7123,1
7124,2
7125,1
7126,2
7127,1
7128,1
7129,1
7130,2
7131,1
7132,2
7133,1
7134,1
7135,1
7136,1
7137,1
7138,1
7139,1
7140,1
7141,2
7142,1
7143,2
7144,2
7145,1
7146,1
7147,1
7148,1
7149,2
7150,1
7151,1
7152,1
7153,1
7154,1
7155,1
7156,2
7157,1
7158,2
7159,1
7160,1
7161,1
7162,1
7163,1
7164,1
7165,1
7166,1
7167,1
7168,1
7169,1
7170,1
7171,1
7172,1
7173,1
7174,1
7175,1
7176,2
7177,2
7178,2
7179,1
7180,1
7181,1
7182,1
7183,2
7184,1
7185,2
7186,2
7187,1
7188,2
7189,1
7190,1
7191,1
7192,1
7193,1
7194,1
7195,1
7196,1
7197,2
7198,1
7199,1
7200,1
7201,1
7202,1
7203,1
7204,1
7205,1
7206,1
7207,1
7208,1
7209,1
7210,2
7211,1
7212,1
7213,1
7214,1
7215,2
7216,2
7217,1
7218,2
7219,1
7220,1
7221,1
7222,1
7223,2
7224,1
7225,1
7226,1
7227,1
7228,1
7229,1
7230,1
7231,1
7232,1
7233,1
7234,1
7235,1
7236,2
7237,1
7238,1
7239,1
7240,1
7241,1
7242,1
7243,1
7244,1
7245,1
7246,2
7247,1
7248,1
7249,1
7250,1
7251,1
7252,1
7253,1
7254,1
7255,2
7256,2
7257,2
7258,2
7259,2
7260,1
7261,1
7262,1
7263,1
7264,1
7265,2
7266,1
7267,2
7268,1
7269,2
7270,1
7271,1
7272,1
7273,1
7274,1
7275,1
7276,1
7277,1
7278,1
7279,1
7280,2
7281,1
7282,1
7283,1
7284,1
7285,1
7286,2
7287,1
7288,2
7289,2
7290,1
7291,1
7292,2
7293,1
7294,1
7295,1
7296,2
7297,1
7298,2
7299,1
7300,1
7301,2
7302,2
7303,1
7304,1
7305,1
7306,1
7307,1
7308,2
7309,1
7310,1
7311,1
7312,1
7313,2
7314,1
7315,1
7316,1
7317,1
7318,1
7319,1
7320,1
7321,1
7322,2
7323,1
7324,1
7325,2
7326,2
7327,1
7328,1
7329,1
7330,1
7331,1
7332,2
7333,1
7334,2
7335,1
7336,1
7337,1
7338,1
7339,2
7340,1
7341,2
7342,1
7343,2
7344,2
7345,1
7346,1
7347,1
7348,1
7349,2
7350,2
7351,1
7352,1
7353,1
7354,2
7355,1
7356,1
7357,1
7358,1
7359,1
7360,2
7361,1
7362,1
7363,1
7364,1
7365,1
7366,1
7367,1
7368,1
7369,2
7370,1
7371,1
7372,1
7373,1
7374,1
7375,1
7376,2
7377,2
7378,1
7379,1
7380,1
7381,1
7382,2
7383,2
7384,2
7385,1
7386,2
7387,1
7388,1
7389,1
7390,1
7391,1
7392,1
7393,2
7394,1
7395,1
7396,1
7397,1
7398,1
7399,1
7400,1
7401,1
7402,1
7403,1
7404,1
7405,2
7406,1
7407,2
7408,1
7409,2
7410,2
7411,1
7412,1
7413,1
7414,1
7415,1
7416,1
7417,1
7418,1
7419,2
7420,1
7421,1
7422,1
7423,1
7424,1
7425,1
7426,1
7427,1
7428,1
7429,1
7430,1
7431,1
7432,1
7433,1
7434,1
7435,1
7436,2
7437,2
7438,1
7439,2
7440,1
7441,1
7442,1
7443,1
7444,1
7445,1
7446,1
7447,2
7448,2
7449,1
7450,2
7451,1
7452,1
7453,1
7454,2
7455,1
7456,2
7457,1
7458,2
7459,1
7460,2
7461,1
7462,1
7463,1
7464,2
7465,1
7466,1
7467,1
7468,1
7469,2
7470,1
7471,1
7472,1
7473,1
7474,1
7475,1
7476,1
7477,1
7478,1
7479,1
7480,1
7481,2
7482,1
7483,1
7484,2
7485,1
7486,2
7487,1
7488,1
7489,1
7490,1
7491,1
7492,1
7493,1
7494,1
7495,1
7496,1
7497,1
7498,1
7499,1
7500,1
7501,1
7502,1
7503,2
7504,1
7505,2
7506,2
7507,1
7508,1
7509,1
7510,1
7511,1
7512,1
7513,1
7514,1
7515,1
7516,1
7517,1
7518,1
7519,1
7520,1
7521,1
7522,2
7523,1
7524,1
7525,1
7526,1
7527,1
7528,1
7529,2
7530,2
7531,1
7532,1
7533,1
7534,1
7535,1
7536,1
7537,1
7538,1
7539,2
7540,1
7541,2
7542,1
7543,1
7544,1
7545,1
7546,1
7547,1
7548,2
7549,1
7550,1
7551,1
7552,2
7553,1
7554,1
7555,1
7556,1
7557,1
7558,1
7559,1
7560,1
7561,1
7562,1
7563,1
7564,1
7565,1
7566,1
7567,1
7568,1
7569,2
7570,2
7571,1
7572,2
7573,2
7574,2
7575,2
7576,1
7577,2
7578,1
7579,1
7580,1
7581,1
7582,1
7583,1
7584,1
7585,1
7586,1
7587,2
7588,1
7589,2
7590,2
7591,1
7592,1
7593,1
7594,2
7595,1
7596,1
7597,1
7598,2
7599,1
7600,1
7601,1
7602,1
7603,1
7604,1
7605,1
7606,1
7607,1
7608,1
7609,1
7610,1
7611,1
7612,1
7613,1
7614,1
7615,1
7616,1
7617,1
7618,1
7619,1
7620,1
7621,1
7622,1
7623,1
7624,2
7625,2
7626,1
7627,1
7628,2
7629,2
7630,2
7631,1
7632,1
7633,2
7634,1
7635,1
7636,1
7637,1
7638,1
7639,1
7640,1
7641,2
7642,1
7643,1
7644,1
7645,1
7646,1
7647,2
7648,1
7649,2
7650,2
7651,1
7652,1
7653,1
7654,1
7655,1
7656,1
7657,1
7658,1
7659,1
7660,1
7661,1
7662,1
7663,1
7664,1
7665,1
7666,1
7667,2
7668,1
7669,1
7670,1
7671,1
7672,2
7673,1
7674,1
7675,2
7676,2
7677,1
7678,1
7679,1
7680,2
7681,1
7682,1
7683,1
7684,1
7685,1
7686,1
7687,1
7688,1
7689,1
7690,2
7691,1
7692,1
7693,1
7694,2
7695,1
7696,1
7697,1
7698,1
7699,2
7700,1
7701,1
7702,1
7703,1
7704,1
7705,1
7706,2
7707,1
7708,1
7709,1
7710,2
7711,2
7712,1
7713,1
7714,1
7715,1
7716,1
7717,1
7718,1
7719,2
7720,1
7721,1
7722,2
7723,1
7724,1
7725,1
7726,2
7727,1
7728,1
7729,1
7730,2
7731,1
7732,1
7733,1
7734,1
7735,1
7736,1
7737,1
7738,1
7739,1
7740,1
7741,1
7742,1
7743,1
7744,2
7745,1
7746,1
7747,1
7748,2
7749,2
7750,1
7751,1
7752,1
7753,1
7754,1
7755,1
7756,1
7757,2
7758,1
7759,1
7760,2
7761,2
7762,2
7763,2
7764,2
7765,2
7766,2
7767,2
7768,2
7769,2
7770,2
7771,2
7772,2
7773,2
7774,2
7775,1
7776,1
7777,1
7778,2
7779,1
7780,2
7781,1
7782,1
7783,2
7784,2
7785,2
7786,2
7787,2
7788,1
7789,1
7790,1
7791,1
7792,1
7793,1
7794,1
7795,1
7796,2
7797,1
7798,1
7799,2
7800,1
7801,2
7802,1
7803,1
7804,1
7805,1
7806,1
7807,2
7808,1
7809,2
7810,1
7811,2
7812,1
7813,2
7814,2
7815,1
7816,2
7817,1
7818,1
7819,1
7820,1
7821,1
7822,1
7823,1
7824,1
7825,1
7826,1
7827,1
7828,1
7829,2
7830,1
7831,1
7832,1
7833,1
7834,1
7835,1
7836,2
7837,1
7838,1
7839,2
7840,1
7841,2
7842,1
7843,2
7844,1
7845,1
7846,1
7847,1
7848,2
7849,1
7850,1
7851,2
7852,1
7853,1
7854,1
7855,1
7856,1
7857,2
7858,1
7859,1
7860,1
7861,1
7862,1
7863,2
7864,1
7865,2
7866,1
7867,1
7868,2
7869,1
7870,1
7871,2
7872,1
7873,2
7874,1
7875,1
7876,1
7877,1
7878,1
7879,2
7880,1
7881,1
7882,1
7883,1
7884,1
7885,1
7886,1
7887,1
7888,1
7889,1
7890,1
7891,1
7892,1
7893,2
7894,1
7895,1
7896,1
7897,2
7898,2
7899,1
7900,1
7901,1
7902,1
7903,1
7904,1
7905,1
7906,1
7907,2
7908,1
7909,2
7910,1
7911,1
7912,1
7913,1
7914,1
7915,1
7916,1
7917,1
7918,1
7919,2
7920,1
7921,1
7922,1
7923,1
7924,1
7925,1
7926,1
7927,1
7928,1
7929,1
7930,1
7931,1
7932,1
7933,1
7934,1
7935,1
7936,1
7937,1
7938,1
7939,1
7940,1
7941,1
7942,1
7943,2
7944,1
7945,1
7946,1
7947,1
7948,1
7949,2
7950,1
7951,1
7952,1
7953,1
7954,2
7955,1
7956,1
7957,1
7958,1
7959,1
7960,1
7961,1
7962,1
7963,1
7964,1
7965,1
7966,1
7967,1
7968,1
7969,2
7970,1
7971,1
7972,1
7973,1
7974,1
7975,1
7976,1
7977,1
7978,1
7979,1
7980,1
7981,1
7982,1
7983,2
7984,1
7985,2
7986,1
7987,1
7988,1
7989,1
7990,1
7991,1
7992,2
7993,1
7994,2
7995,1
7996,1
7997,1
7998,1
7999,1
8000,1
8001,1
8002,1
8003,2
8004,1
8005,1
8006,1
8007,1
8008,1
8009,1
8010,1
8011,1
8012,1
8013,1
8014,1
8015,1
8016,2
8017,1
8018,1
8019,1
8020,1
8021,2
8022,2
8023,2
8024,1
8025,1
8026,1
8027,1
8028,1
8029,1
8030,1
8031,2
8032,2
8033,1
8034,1
8035,1
8036,1
8037,1
8038,1
8039,1
8040,1
8041,2
8042,1
8043,1
8044,1
8045,1
8046,1
8047,1
8048,1
8049,1
8050,1
8051,1
8052,1
8053,1
8054,1
8055,1
8056,1
8057,1
8058,1
8059,2
8060,1
8061,1
8062,1
8063,2
8064,1
8065,2
8066,1
8067,1
8068,1
8069,1
8070,1
8071,2
8072,1
8073,1
8074,1
8075,1
8076,1
8077,1
8078,1
8079,1
8080,1
8081,1
8082,1
8083,1
8084,2
8085,1
8086,2
8087,1
8088,1
8089,1
8090,1
8091,1
8092,1
8093,1
8094,2
8095,2
8096,1
8097,1
8098,2
8099,1
8100,1
8101,1
8102,1
8103,2
8104,1
8105,1
8106,1
8107,1
8108,2
8109,1
8110,2
8111,1
8112,1
8113,1
8114,1
8115,1
8116,1
8117,1
8118,2
8119,1
8120,1
8121,1
8122,2
8123,1
8124,1
8125,1
8126,2
8127,1
8128,1
8129,1
8130,2
8131,1
8132,1
8133,2
8134,1
8135,1
8136,1
8137,1
8138,2
8139,1
8140,1
8141,1
8142,1
8143,1
8144,2
8145,1
8146,1
8147,1
8148,2
8149,2
8150,1
8151,1
8152,1
8153,1
8154,1
8155,1
8156,1
8157,1
8158,1
8159,1
8160,1
8161,1
8162,1
8163,1
8164,1
8165,1
8166,2
8167,1
8168,1
8169,1
8170,1
8171,1
8172,1
8173,2
8174,2
8175,2
8176,2
8177,1
8178,1
8179,1
8180,1
8181,2
8182,1
8183,2
8184,1
8185,1
8186,1
8187,1
8188,1
8189,1
8190,2
8191,1
8192,1
8193,1
8194,2
8195,1
8196,1
8197,1
8198,1
8199,1
8200,2
8201,1
8202,1
8203,1
8204,1
8205,1
8206,1
8207,2
8208,2
8209,2
8210,2
8211,1
8212,1
8213,1
8214,1
8215,2
8216,1
8217,2
8218,1
8219,1
8220,1
8221,1
8222,1
8223,1
8224,1
8225,1
8226,1
8227,1
8228,1
8229,1
8230,1
8231,1
8232,1
8233,1
8234,1
8235,1
8236,2
8237,1
8238,1
8239,1
8240,1
8241,1
8242,1
8243,1
8244,2
8245,1
8246,1
8247,1
8248,1
8249,1
8250,1
8251,2
8252,1
8253,1
8254,1
8255,1
8256,1
8257,1
8258,2
8259,1
8260,1
8261,1
8262,1
8263,2
8264,1
8265,1
8266,1
8267,1
8268,1
8269,1
8270,1
8271,1
8272,2
8273,1
8274,1
8275,1
8276,1
8277,1
8278,2
8279,1
8280,1
8281,1
8282,1
8283,2
8284,1
8285,1
8286,1
8287,1
8288,2
8289,1
8290,1
8291,1
8292,1
8293,1
8294,2
8295,1
8296,1
8297,1
8298,1
8299,1
8300,1
8301,1
8302,1
8303,2
8304,1
8305,1
8306,1
8307,1
8308,1
8309,1
8310,1
8311,1
8312,2
8313,1
8314,1
8315,1
8316,2
8317,2
8318,1
8319,1
8320,1
8321,1
8322,2
8323,1
8324,1
8325,1
8326,1
8327,1
8328,1
8329,1
8330,1
8331,1
8332,2
8333,1
8334,1
8335,2
8336,1
8337,2
8338,1
8339,1
8340,1
8341,1
8342,1
8343,1
8344,1
8345,1
8346,1
8347,1
8348,2
8349,1
8350,2
8351,1
8352,1
8353,1
8354,2
8355,1
8356,1
8357,1
8358,2
8359,1
8360,1
8361,1
8362,1
8363,1
8364,1
8365,1
8366,1
8367,2
8368,1
8369,2
8370,1
8371,1
8372,2
8373,1
8374,2
8375,1
8376,1
8377,2
8378,1
8379,2
8380,2
8381,1
8382,1
8383,1
8384,1
8385,1
8386,1
8387,1
8388,1
8389,1
8390,1
8391,1
8392,1
8393,2
8394,1
8395,1
8396,1
8397,1
8398,2
8399,1
8400,1
8401,1
8402,1
8403,1
8404,1
8405,1
8406,1
8407,1
8408,1
8409,1
8410,1
8411,1
8412,2
8413,1
8414,1
8415,1
8416,1
8417,1
8418,1
8419,1
8420,1
8421,1
8422,2
8423,2
8424,2
8425,2
8426,1
8427,1
8428,1
8429,2
8430,2
8431,1
8432,2
8433,1
8434,1
8435,1
8436,1
8437,1
8438,2
8439,1
8440,2
8441,1
8442,1
8443,2
8444,1
8445,1
8446,1
8447,1
8448,1
8449,1
8450,1
8451,1
8452,1
8453,1
8454,1
8455,1
8456,1
8457,1
8458,1
8459,1
8460,1
8461,1
8462,1
8463,1
8464,1
8465,1
8466,1
8467,1
8468,1
8469,1
8470,1
8471,1
8472,2
8473,1
8474,1
8475,2
8476,1
8477,2
8478,1
8479,1
8480,1
8481,1
8482,1
8483,2
8484,1
8485,1
8486,1
8487,1
8488,1
8489,1
8490,1
8491,2
8492,1
8493,1
8494,1
8495,1
8496,1
8497,1
8498,1
8499,1
8500,1
8501,1
8502,1
8503,1
8504,2
8505,1
8506,1
8507,1
8508,1
8509,1
8510,1
8511,2
8512,1
8513,1
8514,1
8515,1
8516,1
8517,1
8518,1
8519,2
8520,2
8521,1
8522,1
8523,1
8524,2
8525,1
8526,1
8527,1
8528,1
8529,1
8530,1
8531,1
8532,1
8533,1
8534,2
8535,1
8536,1
8537,1
8538,1
8539,1
8540,2
8541,1
8542,2
8543,1
8544,1
8545,2
8546,2
8547,1
8548,1
8549,1
8550,2
8551,1
8552,2
8553,1
8554,1
8555,1
8556,1
8557,1
8558,2
8559,1
8560,1
8561,2
8562,1
8563,1
8564,1
8565,1
8566,1
8567,1
8568,2
8569,1
8570,1
8571,1
8572,1
8573,1
8574,1
8575,2
8576,2
8577,1
8578,1
8579,1
8580,1
8581,1
8582,1
8583,1
8584,1
8585,1
8586,1
8587,1
8588,1
8589,2
8590,1
8591,1
8592,1
8593,2
8594,2
8595,1
8596,1
8597,2
8598,1
8599,1
8600,2
8601,2
8602,1
8603,1
8604,1
8605,2
8606,2
8607,1
8608,1
8609,1
8610,2
8611,1
8612,1
8613,1
8614,1
8615,1
8616,1
8617,1
8618,1
8619,1
8620,1
8621,1
8622,1
8623,1
8624,1
8625,1
8626,1
8627,1
8628,1
8629,1
8630,1
8631,1
8632,1
8633,1
8634,2
8635,1
8636,1
8637,1
8638,1
8639,1
8640,1
8641,1
8642,1
8643,1
8644,1
8645,2
8646,1
8647,2
8648,1
8649,1
8650,1
8651,1
8652,1
8653,1
8654,2
8655,1
8656,1
8657,1
8658,1
8659,1
8660,1
8661,1
8662,1
8663,1
8664,1
8665,1
8666,1
8667,1
8668,1
8669,1
8670,2
8671,1
8672,1
8673,1
8674,1
8675,1
8676,1
8677,1
8678,1
8679,1
8680,2
8681,1
8682,1
8683,1
8684,1
8685,2
8686,1
8687,1
8688,1
8689,1
8690,1
8691,2
8692,1
8693,1
8694,1
8695,1
8696,1
8697,1
8698,1
8699,1
8700,1
8701,2
8702,1
8703,1
8704,1
8705,1
8706,1
8707,1
8708,1
8709,1
8710,1
8711,2
8712,1
8713,2
8714,1
8715,1
8716,1
8717,1
8718,1
8719,1
8720,1
8721,2
8722,2
8723,1
8724,1
8725,1
8726,1
8727,2
8728,1
8729,1
8730,1
8731,1
8732,1
8733,1
8734,1
8735,1
8736,1
8737,2
8738,1
8739,1
8740,1
8741,2
8742,2
8743,1
8744,1
8745,1
8746,1
8747,1
8748,2
8749,1
8750,2
8751,1
8752,1
8753,1
8754,1
8755,1
8756,2
8757,1
8758,1
8759,2
8760,1
8761,1
8762,1
8763,1
8764,1
8765,1
8766,1
8767,1
8768,1
8769,1
8770,1
8771,1
8772,1
8773,1
8774,1
8775,1
8776,2
8777,1
8778,1
8779,1
8780,1
8781,2
8782,1
8783,1
8784,2
8785,1
8786,2
8787,1
8788,1
8789,1
8790,1
8791,1
8792,1
8793,1
8794,1
8795,1
8796,2
8797,2
8798,2
8799,1
8800,1
8801,2
8802,1
8803,1
8804,2
8805,1
8806,1
8807,1
