content_id,director_id
1,1903
3,1645
6,1872
7,2232
7,2951
8,2144
9,3845
10,4766
12,4289
13,4291
14,3340
17,3711
17,2848
19,562
21,4306
23,1294
24,2515
24,1742
25,642
27,4701
28,4077
29,3889
30,2877
31,548
31,4156
31,3774
36,831
37,3945
39,1170
42,1961
43,1989
44,1214
45,4067
46,1328
47,4689
48,1685
49,4053
52,3147
53,3147
54,3147
55,3147
57,364
58,280
59,364
60,280
61,364
62,2417
63,2713
64,1950
65,1099
69,4180
69,129
69,1799
72,2151
74,4140
76,3032
78,165
79,2868
80,2868
81,2512
82,4580
85,2438
85,4904
87,269
89,1106
91,751
92,101
92,2393
94,4264
95,308
97,2209
102,2882
102,3349
103,1188
104,1976
106,1261
108,4906
111,95
111,4065
113,2776
114,1421
115,2781
116,1652
117,1723
118,4559
119,868
120,2615
123,1652
127,3654
128,4596
129,1793
130,415
131,4151
132,852
134,32
135,9
136,1747
137,4297
138,943
139,415
140,2392
141,2864
142,1356
143,3039
144,2514
145,4882
146,4298
146,1347
147,4935
149,3387
150,4820
151,3922
152,2896
152,1163
153,1688
156,4704
157,4699
158,2923
159,2751
160,2330
162,1304
163,4882
164,4718
165,66
167,2629
168,2340
168,2824
169,633
169,2162
170,2294
171,4190
172,4487
173,2305
174,2093
175,4053
176,1761
177,1700
178,163
179,279
179,2035
180,2173
181,4047
183,3121
184,2294
186,2882
186,3349
189,4579
189,3192
191,4846
192,3542
193,1750
196,1782
197,2907
199,4140
200,3481
201,3677
202,2854
202,2087
203,1088
204,2636
205,1750
206,1825
207,1137
208,655
209,2890
210,2890
211,3166
212,2589
215,4390
216,655
217,3064
217,4619
218,2890
222,2693
223,846
224,4651
224,2376
228,3591
229,349
230,1385
231,2577
232,2790
234,2724
236,1553
237,605
238,605
239,605
240,605
241,4804
245,3931
247,3994
248,925
250,1958
251,2844
252,2684
253,3174
254,732
256,4211
257,4123
258,732
259,3296
260,4655
262,3340
263,2285
265,4048
268,1652
269,4159
271,3307
274,4582
277,1217
279,3911
280,3744
282,2334
283,1218
284,628
285,1657
286,1986
288,2674
291,3117
293,4832
294,199
295,107
296,1327
298,4413
298,4818
298,4117
298,640
298,1955
298,2620
298,605
298,4681
298,3672
299,2598
300,2557
301,1093
301,2946
302,4903
303,1738
303,3157
304,1127
305,3085
306,4370
307,608
308,4549
309,4898
311,2792
315,2536
316,2518
317,1611
318,3513
319,957
319,52
326,2260
327,3526
328,431
329,230
330,1961
331,4685
331,1971
333,1747
334,4112
335,2887
336,4186
338,1843
340,4479
340,4624
341,951
342,1951
343,1674
344,1983
345,1983
346,533
347,26
348,1417
349,4256
350,4213
351,819
352,2673
353,3237
354,3171
355,3760
356,4845
357,865
358,846
359,3066
360,2392
361,651
363,2928
364,4017
366,1306
368,3351
372,1306
373,4366
374,3348
375,4118
376,4791
378,2874
379,3964
381,3546
384,3959
385,1984
388,4575
389,3419
389,807
390,4881
393,2069
394,198
395,4745
396,3052
397,2043
399,889
403,3494
406,3876
407,272
408,272
409,272
410,272
411,272
412,272
413,272
414,272
415,272
416,272
417,272
418,713
419,4402
419,703
420,272
421,272
422,272
422,2026
423,272
424,272
425,272
427,56
427,2597
428,4578
429,1216
430,3437
433,1102
433,4394
433,2904
434,508
437,519
438,1701
439,1337
440,4886
440,1010
440,4702
440,4083
440,2092
442,4673
444,2475
445,4337
446,3571
447,3302
448,2088
449,2088
450,4667
451,1379
452,155
453,1969
455,4439
456,1981
458,54
459,1501
461,4362
461,2469
462,323
463,4710
464,4735
464,2386
465,2941
468,956
469,4552
470,4842
472,2943
472,3886
474,817
475,495
476,2444
477,345
480,4673
481,2967
482,4874
485,1917
486,851
487,1634
487,2780
490,2622
492,2612
493,2487
495,574
496,3458
497,1507
499,997
501,4396
502,3437
503,1394
504,2504
506,3043
506,928
507,2704
508,4764
509,1380
519,590
529,1945
529,1687
530,4375
532,3176
532,4520
532,1447
535,1249
542,20
543,3329
551,4673
552,1256
553,622
555,1613
556,413
557,3242
558,4601
558,2109
559,4753
560,2294
561,47
562,1393
563,1393
564,1393
565,1951
567,4692
568,2311
569,1674
570,4364
571,4590
573,4550
574,2935
574,4466
575,2599
576,1715
577,1974
578,3184
579,4293
580,1196
581,4548
582,930
583,651
584,3909
585,3962
586,1378
587,3893
588,3138
588,1630
588,4734
588,2558
588,2099
590,1978
592,1267
593,2200
594,4638
595,3124
596,3729
597,3622
598,3641
599,4541
600,3920
601,1790
602,3125
603,3125
604,3125
605,3680
606,268
607,3205
608,4338
609,3992
610,1806
611,395
612,2748
612,3857
613,1970
614,2442
615,3163
616,3978
617,818
619,683
620,3420
622,1623
623,2498
624,3961
625,265
627,4805
630,3678
631,4965
633,3280
634,1988
635,4613
636,2871
637,1651
638,3717
638,4581
638,4156
644,2692
645,3390
646,2522
647,2353
650,3043
651,3520
652,4902
653,4902
655,3828
656,3828
657,3828
665,6
667,1420
671,1725
671,4683
672,1725
672,4683
673,1725
677,845
682,842
684,3136
686,2490
688,1955
689,2598
690,1725
690,4683
691,4366
693,1611
694,1749
695,4323
696,4323
699,1454
702,4130
703,3142
705,554
706,1431
708,3736
709,4669
712,2915
713,2275
717,4833
719,2833
722,1665
723,1019
724,2976
725,404
727,3670
727,1640
728,3813
728,823
729,4333
736,3844
737,2637
738,396
740,1037
741,2831
742,2696
743,1918
743,3734
744,2565
746,372
747,2565
748,2928
751,4013
753,2907
755,1847
757,2991
758,4911
759,3515
760,4155
761,4155
763,1126
765,688
766,4546
767,487
769,1823
770,2663
770,4623
771,4133
772,1490
774,4453
775,187
776,2250
777,2408
778,16
778,194
780,3583
782,2719
783,4564
784,4748
785,483
787,1220
788,1603
789,2352
791,1260
792,2460
793,122
794,4531
795,1308
797,1732
798,2422
799,76
800,819
801,3585
802,2375
803,3821
804,192
805,3790
807,468
808,468
809,1220
810,4574
811,268
812,1414
813,4347
815,4976
816,3974
817,1612
818,1334
819,248
820,819
822,1551
823,888
824,4834
825,2060
827,1465
828,3021
829,2685
830,1061
832,1466
832,2958
833,4042
835,3757
837,4847
839,2446
840,4323
841,49
842,1184
845,4809
846,3111
847,1934
851,2707
854,3525
857,4795
859,2326
860,2937
861,4525
862,165
864,193
865,2890
866,937
867,3507
867,4178
868,2284
871,2602
872,2458
873,3004
874,202
876,2459
878,4830
879,2537
880,3921
882,3602
883,2916
886,1592
887,1534
888,21
890,1939
892,752
893,2720
894,2432
895,3264
896,4378
898,1875
899,3998
900,4787
902,489
904,3804
905,1898
906,4600
907,859
908,2246
910,2735
911,2169
912,2972
914,255
915,2669
916,3276
917,4860
918,4796
918,1040
920,1008
923,2103
925,1300
927,2101
929,276
930,3930
931,4574
932,48
933,1389
934,415
935,4726
936,1894
936,3203
936,4191
938,4209
939,4209
940,4209
941,4209
942,4209
943,819
944,2549
945,251
946,687
947,15
948,4923
949,1786
950,2309
951,1642
952,2437
953,2037
954,999
955,3464
955,2150
956,3094
957,2195
959,4123
960,410
961,2477
962,3750
962,2245
963,22
965,879
965,4363
967,1497
970,4985
971,3050
972,4152
974,3929
975,744
977,738
978,3707
979,4533
980,932
980,4826
981,932
982,1108
983,4542
984,3879
985,367
986,2391
987,2391
988,4879
989,2383
990,2505
991,4533
992,136
993,1049
993,4686
995,2598
996,859
996,1108
997,128
1000,3339
1001,4267
1002,1751
1003,1753
1007,4209
1008,4209
1009,4209
1010,2863
1010,684
1014,4224
1016,1171
1017,513
1018,2702
1019,696
1020,4391
1021,3480
1022,3592
1022,2523
1023,3096
1024,2325
1024,1408
1024,1941
1024,4033
1025,1473
1027,992
1028,557
1030,1689
1031,2459
1032,116
1034,4285
1035,4892
1035,661
1036,117
1037,3767
1037,3512
1038,2695
1040,1929
1042,3947
1042,4806
1043,3551
1047,296
1051,914
1053,1951
1054,4317
1055,2432
1056,360
1067,3496
1068,2617
1070,3627
1071,4889
1072,4209
1073,4209
1074,4209
1075,4209
1076,69
1076,4392
1076,1938
1076,1039
1076,97
1076,4519
1076,4927
1077,4209
1078,4209
1079,4209
1081,4218
1084,1075
1086,4557
1087,4794
1088,590
1089,3673
1090,3500
1090,1340
1091,3190
1097,1486
1098,3699
1099,254
1100,1960
1101,4292
1102,1215
1103,39
1104,965
1105,1657
1106,4062
1107,2678
1107,2370
1108,3364
1109,1455
1110,2632
1110,2760
1111,3663
1112,1432
1113,172
1114,15
1115,4496
1116,4263
1118,2447
1119,1292
1120,479
1121,2297
1122,2877
1123,1439
1125,4283
1127,2418
1129,1386
1131,468
1132,468
1133,468
1134,1220
1135,3394
1135,1105
1136,1496
1137,2634
1137,883
1138,3643
1139,3103
1140,4887
1141,3906
1142,4413
1143,463
1145,4670
1146,1635
1147,2058
1148,4871
1151,3858
1152,912
1154,2342
1155,2336
1156,1845
1157,2227
1160,4633
1161,4169
1163,4767
1165,86
1166,3415
1168,1672
1171,3173
1172,543
1173,1842
1174,328
1176,3205
1177,4586
1178,3133
1179,4226
1184,96
1185,2677
1186,986
1188,3238
1189,2660
1190,68
1191,896
1192,664
1192,204
1193,4491
1194,2432
1195,3554
1196,3698
1197,2966
1198,2555
1199,434
1200,1234
1203,85
1204,1961
1205,564
1208,933
1209,3938
1210,3703
1212,1043
1213,2499
1215,4334
1216,4016
1217,3380
1219,3770
1220,1413
1221,4543
1222,4141
1223,1711
1223,1081
1224,1755
1224,2480
1229,745
1231,1121
1233,719
1234,2598
1235,3140
1237,1645
1238,471
1240,4482
1241,415
1242,3215
1243,4835
1243,409
1244,3282
1245,4528
1247,34
1248,468
1249,2178
1250,340
1250,2287
1251,998
1252,1097
1253,216
1254,723
1254,2747
1255,574
1256,468
1257,674
1259,803
1259,1038
1260,4071
1261,484
1262,1522
1264,3772
1265,470
1266,3594
1267,1522
1268,1898
1270,3429
1274,2016
1277,430
1279,68
1280,4617
1281,2377
1281,125
1282,3848
1284,1292
1285,1292
1287,1044
1289,1379
1290,4755
1291,273
1292,1190
1293,407
1294,2544
1294,4177
1294,4568
1294,2000
1296,2842
1298,253
1304,3813
1305,3032
1306,402
1308,3904
1310,2495
1312,3573
1313,2592
1316,3738
1317,1745
1319,857
1320,3246
1323,1475
1324,4722
1325,4584
1326,714
1327,424
1328,4584
1329,3670
1330,4679
1331,310
1334,4574
1335,3883
1337,1204
1338,904
1341,1298
1342,3948
1343,1886
1344,1048
1345,2782
1346,994
1347,4454
1348,4471
1352,127
1354,4077
1358,1857
1359,4959
1360,349
1361,1554
1365,4848
1367,422
1368,491
1369,2452
1370,2561
1371,4401
1373,3667
1375,776
1377,2625
1379,1453
1380,3636
1382,2214
1383,4723
1387,650
1388,4565
1389,4011
1390,3009
1391,1690
1392,1940
1394,2052
1397,3433
1398,3346
1399,3158
1400,2920
1400,1991
1404,1869
1406,2268
1407,1894
1407,2631
1408,3635
1410,2603
1411,2532
1412,4136
1413,1397
1414,2634
1415,3839
1415,1122
1416,4237
1417,3226
1418,1683
1419,1063
1420,3077
1421,3357
1422,4895
1422,3896
1423,4570
1424,4167
1425,1863
1427,4570
1429,3306
1433,786
1434,4838
1435,800
1435,2091
1436,1614
1437,1616
1437,1504
1439,2112
1442,4952
1445,1267
1446,2175
1447,445
1448,2413
1451,83
1452,1030
1453,2733
1454,516
1455,3503
1457,3987
1459,2332
1460,4128
1462,2180
1464,1710
1465,3208
1465,1476
1468,3352
1469,2590
1470,415
1471,1967
1473,4369
1475,4947
1476,37
1480,1705
1482,1998
1485,447
1485,727
1486,2496
1487,4973
1487,3414
1489,2085
1491,1050
1492,327
1494,4746
1495,193
1496,2741
1497,3345
1498,1133
1499,4797
1499,164
1500,1305
1501,2593
1502,2437
1503,3323
1505,926
1505,2338
1508,991
1510,2137
1511,2042
1512,2378
1513,3204
1514,4756
1516,4311
1518,3838
1520,2554
1521,3691
1521,980
1521,3672
1521,3368
1522,2554
1523,2554
1524,621
1525,1708
1526,3449
1527,1454
1530,2615
1531,1746
1532,3681
1533,2234
1533,1273
1534,1804
1535,550
1537,4145
1538,3132
1541,1947
1542,1678
1542,2971
1543,3811
1545,3875
1550,2191
1551,240
1557,2682
1558,1684
1559,3984
1559,4593
1561,4415
1562,748
1564,4072
1565,4656
1566,2649
1567,2459
1568,550
1569,550
1572,4626
1576,3656
1577,2618
1581,3916
1581,499
1581,3864
1582,1414
1583,2336
1585,2555
1587,4884
1588,3880
1588,2679
1588,1617
1589,3261
1592,1716
1592,152
1593,1472
1596,1790
1598,3483
1599,4350
1600,3398
1601,3005
1602,2263
1603,2054
1605,4569
1607,1377
1609,4692
1610,1140
1611,4285
1613,4848
1614,1116
1617,591
1618,4515
1621,1425
1622,943
1625,4285
1627,2461
1630,894
1631,270
1632,3771
1633,2973
1634,1777
1636,1742
1636,2515
1637,1243
1638,3160
1643,4227
1644,1550
1645,2873
1646,1074
1647,2566
1648,1133
1649,3195
1651,2137
1652,583
1653,1303
1654,1303
1655,3364
1656,2295
1656,1085
1657,4285
1658,3273
1660,3803
1661,2563
1663,4279
1664,2594
1665,193
1666,3944
1667,3674
1670,286
1670,4450
1672,511
1674,4816
1675,782
1676,1314
1677,2147
1678,1133
1679,4816
1680,4903
1681,3594
1682,984
1683,1133
1684,1339
1686,2374
1687,1395
1690,1052
1691,2479
1691,2467
1692,3247
1695,8
1695,1166
1696,3247
1700,3129
1701,2495
1703,766
1704,2978
1705,2317
1706,3112
1707,1629
1708,1133
1710,1318
1711,615
1713,2087
1714,1619
1715,4887
1716,3151
1721,77
1722,1120
1722,3534
1726,4103
1728,2048
1729,4416
1729,1785
1729,2380
1730,874
1732,1849
1733,1454
1734,1098
1735,3266
1736,585
1737,3274
1740,3247
1742,614
1743,790
1744,3735
1745,3137
1748,2992
1748,3847
1750,2405
1752,3685
1753,3685
1754,2492
1762,460
1763,1179
1764,2114
1765,1234
1768,3346
1769,252
1771,240
1772,2869
1773,1982
1775,3842
1776,1661
1777,3655
1778,4246
1781,4823
1784,1310
1785,4086
1786,2892
1787,835
1788,2139
1789,4352
1790,3378
1793,1462
1794,1315
1795,2277
1795,222
1796,3533
1797,3664
1798,3075
1799,3902
1801,3758
1801,3100
1802,4412
1803,4321
1806,634
1806,2399
1807,3146
1808,344
1809,4349
1810,1133
1811,4784
1812,33
1813,119
1815,1147
1816,1050
1817,1220
1818,1901
1819,3002
1820,4913
1821,3002
1822,3002
1823,1901
1824,4281
1825,3776
1826,2699
1827,1901
1828,3002
1830,3152
1831,4282
1832,1901
1833,1045
1834,3791
1834,3991
1836,2587
1837,2783
1837,1068
1839,1266
1841,2353
1843,1827
1844,3859
1845,678
1846,481
1847,3128
1850,2634
1851,4926
1854,298
1854,3628
1856,4741
1856,3439
1857,220
1858,4463
1859,4458
1860,912
1862,5
1863,4481
1864,3719
1866,1464
1867,3533
1868,253
1870,2402
1871,3707
1873,1411
1875,3360
1875,4051
1877,3438
1880,4048
1881,2063
1882,866
1883,4944
1884,2159
1885,236
1887,4775
1887,3795
1887,3435
1888,1142
1889,3336
1892,1912
1893,2515
1893,1742
1897,2928
1898,2100
1899,80
1900,367
1901,1850
1902,970
1903,3363
1904,498
1905,181
1905,4872
1906,601
1910,4213
1912,4027
1913,1765
1914,1906
1914,1852
1917,4771
1920,3530
1921,1880
1922,3553
1925,4113
1927,4026
1928,2725
1931,387
1932,1814
1935,3469
1936,3144
1937,1082
1938,3469
1939,4934
1940,4156
1941,4903
1942,4458
1943,4156
1944,3209
1945,5
1946,440
1947,400
1951,1695
1954,738
1958,993
1960,366
1961,824
1961,4005
1963,4078
1964,2932
1965,1993
1966,1993
1966,763
1967,1993
1967,763
1968,2269
1969,1993
1970,1993
1971,4261
1972,4647
1973,785
1975,761
1976,1783
1977,689
1978,4980
1982,1144
1983,3080
1985,2112
1986,920
1987,3080
1988,3517
1993,774
1996,869
1997,3786
1998,3430
1999,3162
2000,3232
2001,3688
2002,493
2004,308
2005,2517
2006,3645
2008,2194
2011,4975
2012,4478
2015,4970
2016,120
2017,212
2018,870
2019,870
2020,237
2021,607
2023,1499
2024,3684
2025,4533
2026,600
2027,3445
2028,2883
2028,4674
2029,3541
2030,4692
2031,3723
2032,990
2034,4220
2035,3603
2036,2859
2037,333
2039,1957
2039,568
2040,389
2042,2181
2044,231
2046,3376
2047,688
2049,320
2050,1454
2051,448
2051,3149
2052,4615
2053,399
2056,1107
2057,217
2058,1440
2060,4572
2061,344
2062,3785
2066,907
2068,3104
2072,4208
2073,3716
2075,4684
2076,1399
2077,1589
2077,161
2077,3721
2078,1921
2080,308
2081,2198
2082,3283
2082,3888
2083,4274
2084,4257
2085,902
2088,2017
2088,3084
2089,4484
2091,915
2092,211
2093,179
2095,4777
2096,3328
2101,342
2104,913
2105,1581
2108,2624
2109,4032
2111,3540
2112,2864
2115,165
2116,347
2117,2737
2118,3225
2120,1776
2121,3660
2122,2111
2127,4391
2129,477
2130,3271
2131,971
2132,912
2133,1764
2133,4815
2138,3615
2139,869
2140,869
2142,1913
2143,3729
2144,775
2147,397
2148,4103
2150,1251
2151,1598
2155,4653
2156,1050
2160,1870
2162,2540
2164,3092
2165,3228
2167,1742
2167,2515
2168,82
2170,3323
2172,3254
2173,3300
2177,1665
2178,1414
2180,4866
2183,4585
2184,544
2186,3241
2186,3693
2187,2040
2188,2705
2188,2789
2189,4315
2192,3993
2194,474
2195,1028
2196,2993
2197,1920
2198,2331
2199,1322
2200,1569
2201,4330
2203,3210
2205,2799
2206,4929
2207,844
2208,2912
2208,2819
2209,2295
2209,1085
2210,4148
2211,1717
2212,3442
2214,1657
2215,1801
2216,2089
2217,1128
2220,3569
2220,4268
2221,4961
2222,4295
2222,3871
2225,1933
2229,756
2229,3777
2232,809
2232,1855
2233,4949
2234,2945
2235,4159
2240,4403
2241,2728
2243,2293
2244,4558
2245,3252
2245,4708
2246,1714
2248,137
2249,4737
2251,4488
2252,210
2253,4904
2257,4320
2258,1557
2258,4817
2260,1442
2261,2347
2261,3527
2262,1003
2263,3524
2263,2136
2264,1866
2265,2834
2266,4828
2267,184
2268,4816
2268,1137
2268,3211
2268,3918
2269,4299
2270,1369
2271,1825
2272,1090
2273,427
2274,4087
2275,1727
2276,3492
2277,2100
2278,118
2279,1427
2280,3594
2281,120
2282,4278
2283,3831
2284,1092
2285,3865
2286,1382
2286,3508
2287,467
2288,2506
2289,4413
2290,4419
2291,2116
2292,1329
2295,4630
2296,1830
2297,1602
2301,2155
2303,669
2303,13
2305,4732
2305,232
2308,1832
2309,3287
2310,2582
2311,4617
2312,1368
2313,2582
2315,752
2316,4116
2317,4962
2317,4931
2318,2302
2320,2426
2322,68
2324,1228
2325,1830
2326,1193
2327,3657
2329,530
2331,2729
2333,1221
2334,1014
2337,3657
2339,3584
2340,3476
2341,3476
2342,1643
2342,4914
2343,4711
2345,3337
2346,653
2348,1491
2349,4076
2351,3565
2351,2531
2352,4503
2354,375
2355,4375
2357,4801
2359,1559
2361,738
2362,4375
2364,2688
2365,2072
2365,3007
2366,4375
2367,4375
2368,4375
2369,4375
2370,4375
2371,1055
2372,1014
2373,4428
2374,4375
2375,2830
2376,4375
2377,4375
2378,2097
2380,2687
2381,841
2382,1228
2383,4244
2386,4802
2387,3363
2388,4076
2390,517
2392,471
2392,1803
2393,4314
2394,2392
2398,4045
2399,4262
2403,3371
2404,4499
2406,845
2408,1927
2411,4557
2412,4253
2413,3544
2413,3852
2414,1994
2414,2626
2415,2025
2417,2373
2419,2888
2420,2825
2421,4816
2422,4159
2424,1606
2425,4306
2428,4093
2429,1735
2430,3541
2431,4359
2432,4189
2434,3279
2435,3897
2436,3279
2437,3018
2438,1366
2439,3540
2440,4272
2442,1444
2443,1282
2444,1882
2446,4854
2447,3557
2449,40
2452,180
2455,636
2456,1962
2457,1258
2458,3489
2459,2752
2461,4375
2464,87
2465,87
2466,4700
2468,808
2469,4201
2470,771
2471,3528
2472,307
2472,3624
2475,3190
2476,1249
2478,1613
2479,2989
2479,156
2479,1538
2480,2862
2481,3787
2481,2560
2481,4530
2481,103
2481,3963
2482,1830
2483,4462
2484,2419
2485,218
2486,2465
2488,1675
2489,4915
2490,4915
2491,380
2492,4966
2493,188
2493,4161
2494,4785
2495,1637
2495,2298
2497,1791
2498,4584
2499,4376
2501,1419
2502,2107
2503,1282
2504,3018
2505,2484
2506,4930
2507,4930
2508,3201
2510,3279
2511,2484
2512,2586
2513,4272
2514,3021
2517,4779
2521,207
2522,1792
2523,3152
2528,3054
2532,471
2532,1803
2533,471
2533,1803
2534,393
2535,3608
2536,4074
2537,1218
2538,4885
2539,528
2540,4509
2541,775
2542,3298
2544,1296
2545,4979
2546,3533
2548,3396
2550,4125
2551,939
2554,1388
2554,3475
2554,1526
2554,1429
2556,2271
2557,4160
2558,2990
2559,1249
2560,2510
2561,2174
2562,3087
2563,74
2564,746
2565,4429
2566,2849
2567,2102
2568,86
2571,240
2572,1076
2573,240
2574,4199
2577,58
2578,4092
2579,2046
2580,2515
2580,1742
2582,2286
2583,1894
2583,3203
2585,158
2588,3479
2590,4039
2592,51
2593,633
2593,2162
2594,3059
2595,3059
2596,3059
2597,1212
2598,4480
2602,3340
2603,84
2604,2633
2604,2299
2605,3752
2606,859
2608,1588
2611,4342
2613,3938
2613,4899
2614,4768
2615,4819
2615,4925
2616,2810
2617,2391
2618,1739
2619,2505
2620,4431
2621,859
2622,859
2623,384
2624,3541
2625,934
2626,3209
2627,4724
2630,3379
2631,3540
2633,4959
2634,4616
2635,2075
2636,2639
2637,4296
2638,4138
2639,3541
2643,1571
2645,2357
2647,706
2648,706
2650,2634
2651,899
2653,4538
2654,3826
2655,2737
2656,3263
2657,1166
2660,1363
2664,3724
2668,2416
2669,1645
2672,3223
2673,2450
2674,1717
2675,4957
2676,4105
2676,1837
2678,730
2678,1596
2679,1062
2680,2152
2681,880
2682,3416
2683,4992
2684,4940
2686,2959
2687,3908
2688,3655
2689,1588
2691,1767
2694,3913
2695,1064
2695,1831
2696,1072
2697,3874
2698,1125
2701,1205
2702,1153
2703,3696
2704,3498
2705,3788
2706,1021
2707,3679
2708,2460
2710,4545
2712,875
2712,95
2713,1330
2714,2464
2715,3216
2716,2722
2717,312
2718,272
2720,35
2720,4597
2721,1805
2722,3764
2723,4206
2724,3689
2725,3697
2726,4206
2727,1256
2729,2325
2730,4059
2731,3211
2732,3211
2733,2396
2734,3454
2735,3211
2736,2506
2738,272
2738,2253
2738,438
2739,1527
2742,4571
2745,292
2745,801
2746,2421
2748,4310
2750,29
2751,1047
2753,3511
2755,4786
2756,147
2757,359
2758,62
2759,2885
2761,3013
2763,1665
2764,1085
2764,2295
2767,3638
2769,458
2770,1877
2770,2899
2771,3888
2771,3283
2772,4089
2774,3236
2776,579
2777,3884
2779,4269
2781,837
2782,2113
2782,4677
2783,1641
2787,1578
2790,4418
2796,325
2796,1768
2797,3545
2799,1936
2800,2930
2800,2716
2801,3184
2802,2791
2804,1213
2806,4379
2807,3088
2810,757
2811,1980
2812,3059
2813,3059
2814,3030
2815,3059
2816,1706
2818,4081
2820,1954
2821,1336
2822,889
2823,1281
2824,3316
2829,14
2830,3622
2831,3567
2832,4111
2833,199
2834,2266
2835,1033
2836,3357
2837,1179
2838,319
2840,3111
2841,267
2843,351
2844,2913
2845,2711
2845,4271
2846,2913
2847,595
2848,3800
2848,3661
2849,746
2850,3201
2851,4241
2852,392
2853,4627
2854,900
2857,4773
2859,733
2860,4827
2861,4959
2862,3784
2863,2134
2864,1951
2865,2240
2866,1317
2867,3926
2868,902
2874,267
2877,3932
2877,3060
2878,3739
2878,149
2878,1880
2878,2918
2878,627
2879,3221
2880,3554
2882,4403
2883,2737
2885,4316
2886,3437
2887,4275
2888,1928
2890,2308
2891,616
2896,36
2897,1647
2898,2541
2899,2228
2900,4307
2902,1407
2904,4824
2905,1698
2906,2551
2907,3645
2908,4273
2909,214
2910,4000
2912,2900
2912,4451
2913,4254
2914,3564
2915,4672
2916,2170
2917,4391
2919,2334
2920,4537
2920,2584
2920,4101
2924,2319
2924,1373
2925,2708
2925,78
2926,857
2929,3624
2929,307
2930,57
2931,2741
2933,589
2934,4433
2935,3409
2936,4068
2937,3165
2940,4790
2941,1861
2944,948
2947,4006
2947,371
2948,4142
2949,2429
2949,2343
2950,466
2950,4984
2951,4096
2952,3547
2953,679
2955,1647
2956,4170
2957,780
2958,3476
2961,3057
2962,3572
2963,301
2964,3985
2969,4943
2970,3476
2971,53
2973,3671
2974,1221
2976,287
2979,2994
2982,1492
2986,3407
2987,1121
2988,3811
2988,271
2989,3851
2989,720
2990,3621
2991,1428
2996,4798
2997,487
3000,3779
3003,2276
3003,832
3004,4856
3005,3599
3007,2470
3008,2739
3009,3571
3010,1449
3015,2654
3017,3239
3018,2433
3019,507
3020,156
3022,4905
3023,3023
3024,2274
3026,1015
3027,46
3028,3873
3028,1848
3030,3826
3032,1024
3033,2140
3037,1369
3039,4302
3042,1220
3044,2028
3045,4922
3047,3440
3049,3608
3052,4671
3055,2055
3058,820
3058,2213
3059,820
3059,1889
3060,820
3061,4816
3061,1137
3061,3211
3061,3918
3062,2976
3063,1539
3065,746
3068,4738
3069,557
3070,3354
3071,4671
3073,3291
3074,4443
3078,4897
3079,4696
3081,3179
3082,2755
3090,1653
3091,927
3092,3582
3094,2481
3095,2917
3097,1667
3098,1386
3099,681
3099,1096
3100,2955
3101,1220
3102,2501
3102,1516
3103,3004
3105,2384
3106,3799
3108,1067
3110,315
3111,4990
3113,1588
3114,906
3115,3807
3116,1588
3117,3459
3119,3548
3122,2068
3124,4230
3125,1359
3125,2556
3125,1412
3125,804
3125,425
3125,3251
3125,2758
3125,946
3125,1211
3125,3914
3125,2108
3126,3660
3127,3705
3131,1228
3132,346
3133,3918
3134,346
3135,346
3136,3715
3137,513
3138,567
3139,86
3140,1333
3141,4963
3142,2211
3143,346
3144,3918
3145,2155
3146,2764
3148,1333
3150,3918
3151,2339
3152,2442
3153,1685
3154,1588
3155,3312
3156,1259
3157,2442
3158,1006
3159,540
3160,1366
3161,4473
3162,1679
3163,3802
3164,246
3165,3450
3167,3364
3168,3228
3170,1770
3171,3578
3172,1696
3175,645
3176,1325
3176,2038
3179,1588
3180,1588
3181,2606
3187,3773
3189,3658
3190,1252
3191,2879
3192,1713
3194,1244
3195,977
3196,1183
3198,1124
3199,1788
3201,4725
3202,114
3203,4290
3203,2009
3204,285
3206,407
3206,892
3207,205
3208,162
3210,4159
3211,2476
3212,1398
3214,3321
3215,3342
3216,944
3218,809
3219,1395
3224,4216
3225,124
3226,165
3227,3189
3227,3478
3228,4959
3229,1076
3230,1414
3234,4494
3235,311
3235,2886
3236,2460
3238,3950
3240,567
3245,466
3245,4984
3249,363
3251,4594
3252,4131
3254,4650
3255,4174
3257,955
3260,4521
3261,4850
3262,1857
3263,2516
3265,3053
3266,1838
3267,4181
3268,2441
3269,4859
3269,3319
3273,2115
3274,4977
3279,1451
3281,1593
3286,610
3290,4050
3291,1947
3293,4132
3297,3267
3298,3793
3300,25
3301,145
3303,1180
3304,746
3306,3038
3308,3894
3309,3769
3310,1395
3312,2288
3313,3695
3316,82
3318,82
3319,432
3320,473
3320,3212
3321,1421
3322,3535
3323,1657
3324,1456
3325,2454
3327,3196
3330,762
3332,3410
3333,4916
3335,1805
3336,1189
3336,4084
3338,4753
3339,2712
3344,4808
3347,2353
3348,4393
3349,3619
3350,942
3354,23
3354,81
3355,4255
3357,3878
3359,1358
3360,3451
3363,1074
3366,942
3367,1563
3372,738
3373,2547
3375,1697
3377,2398
3380,1718
3381,1226
3384,2787
3385,3250
3385,3570
3387,2964
3388,305
3389,1159
3390,1147
3391,165
3392,3154
3393,199
3399,3222
3400,3807
3403,859
3406,749
3408,2553
3409,4497
3410,4598
3412,3655
3413,3164
3414,799
3418,2919
3419,3284
3420,1917
3422,3222
3423,3854
3424,2291
3425,2472
3426,1485
3426,4960
3428,4533
3429,565
3430,846
3432,2769
3433,84
3435,3265
3437,3074
3439,223
3440,1800
3442,1363
3444,2741
3447,4028
3449,3399
3451,1944
3452,4343
3457,2619
3457,1414
3460,2187
3461,1301
3462,1896
3466,428
3469,3188
3472,3470
3473,3634
3473,729
3476,1879
3476,3611
3477,1770
3478,840
3479,3688
3480,2815
3481,2815
3483,3882
3485,612
3486,4459
3486,3555
3486,945
3486,1105
3486,2697
3486,2646
3486,4377
3486,3491
3486,3012
3486,3413
3487,2902
3488,2508
3491,2126
3493,4177
3494,4177
3495,3000
3496,68
3497,3900
3498,1410
3499,728
3501,4536
3504,3388
3507,1131
3507,2962
3508,2505
3510,1521
3512,4257
3513,664
3514,4710
3515,1048
3517,4177
3518,4444
3519,3065
3521,2391
3523,3898
3524,4974
3529,3282
3530,4277
3531,330
3532,102
3533,1246
3534,4542
3537,2094
3538,2861
3539,4410
3542,2963
3543,4410
3543,1533
3545,2973
3546,3489
3548,2996
3548,4919
3549,86
3550,3033
3555,2146
3556,2437
3557,4179
3558,3245
3560,1707
3561,1537
3564,4372
3565,281
3566,3892
3567,4158
3568,1120
3568,3534
3569,2538
3570,2538
3571,2538
3573,550
3575,1975
3583,356
3584,2831
3587,4406
3590,327
3590,4816
3591,4822
3591,551
3591,2048
3591,2364
3591,1148
3591,4305
3591,2742
3592,2152
3594,3497
3595,109
3596,4036
3597,4829
3600,1053
3603,2667
3604,3427
3604,777
3606,2609
3614,3765
3615,3765
3617,1070
3618,4592
3619,2459
3620,4473
3621,2994
3622,2792
3623,3087
3624,2583
3626,3960
3627,3985
3629,2410
3631,1032
3632,3303
3635,1881
3636,3201
3638,3668
3639,1713
3640,3314
3642,2864
3644,1622
3644,4631
3646,4467
3647,1072
3647,2333
3648,1247
3649,2938
3650,3780
3650,2086
3651,1740
3653,671
3654,4782
3658,4949
3659,735
3662,1995
3663,836
3669,3824
3671,2033
3673,269
3676,4150
3677,2394
3679,1579
3680,436
3682,2788
3682,4810
3682,921
3684,1048
3694,3773
3698,2078
3699,1973
3700,2128
3702,521
3704,3046
3707,1017
3710,1951
3712,487
3712,3052
3714,1070
3715,215
3716,2754
3718,4257
3718,987
3719,1743
3720,1972
3720,1161
3720,1071
3721,1087
3729,1087
3729,3970
3730,3365
3730,911
3731,3011
3732,3696
3733,4410
3734,1072
3735,3234
3736,4265
3739,1686
3739,2485
3740,2954
3741,2974
3744,1760
3748,3340
3754,2006
3757,876
3758,3408
3759,2994
3760,4959
3762,798
3764,4803
3765,2601
3766,4575
3767,3311
3768,1822
3769,3975
3772,4882
3773,2893
3774,2115
3776,1779
3777,3201
3778,1904
3778,132
3782,4695
3784,4207
3786,3828
3787,1436
3789,1750
3791,4457
3792,1152
3794,3286
3796,2510
3798,3455
3799,4692
3801,3601
3803,3623
3803,1227
3804,418
3805,4581
3806,3773
3809,4551
3810,2078
3811,2078
3812,2078
3814,4162
3815,2763
3816,1609
3817,4232
3819,4365
3820,1316
3821,2773
3823,1610
3826,1712
3829,3613
3830,82
3831,1722
3833,4591
3834,4682
3835,4493
3837,2962
3842,3215
3843,4200
3858,3313
3858,1858
3859,1224
3860,3040
3861,536
3863,570
3864,3670
3866,910
3867,3905
3869,2248
3870,4053
3872,2881
3873,4675
3874,3081
3875,2251
3876,64
3878,3201
3886,160
3889,86
3890,859
3891,4380
3892,2968
3894,2069
3895,1555
3896,2372
3897,2614
3900,3990
3904,1582
3905,4228
3906,2875
3907,3853
3908,2585
3909,668
3911,1723
3912,3783
3913,4036
3914,2100
3915,1070
3916,3403
3917,3457
3918,3405
3919,4381
3920,1082
3922,2146
3923,67
3924,67
3927,2911
3929,42
3929,573
3929,887
3929,898
3930,86
3931,4932
3933,4701
3934,1955
3936,1911
3940,1955
3946,2013
3948,86
3949,3408
3949,335
3951,4742
3952,1495
3953,1395
3955,1654
3956,190
3958,916
3960,1139
3961,549
3963,4901
3964,485
3967,2940
3968,3434
3973,4698
3974,2634
3975,1363
3976,2715
3978,663
3979,50
3979,3818
3983,2477
3984,105
3986,445
3991,4231
3992,1036
3993,4350
3994,1876
3995,2649
3996,407
3998,1396
3998,2922
4000,2329
4001,3395
4003,753
4004,3558
4005,1609
4006,3355
4008,664
4009,2976
4009,2201
4010,664
4011,2976
4012,3139
4014,3363
4018,1876
4019,4331
4020,1036
4021,2649
4022,1133
4025,3597
4026,3899
4032,1511
4032,1103
4034,2186
4035,1997
4037,3766
4038,2586
4039,4231
4040,4331
4041,1454
4042,3299
4046,2533
4047,2459
4048,585
4049,1844
4050,2390
4051,4007
4052,3740
4053,579
4054,2110
4059,3843
4060,641
4061,4504
4062,4701
4063,758
4065,4863
4065,884
4066,2907
4067,3575
4068,3946
4069,1133
4070,4231
4071,2459
4072,2459
4073,4583
4074,1133
4075,1133
4076,1133
4077,1133
4078,344
4079,4331
4081,593
4082,4518
4083,2366
4084,1363
4086,561
4087,2717
4088,1573
4089,200
4092,795
4093,299
4094,814
4095,3830
4096,958
4097,2998
4098,2698
4099,2765
4100,2404
4101,2655
4102,2044
4103,2100
4104,4934
4105,151
4107,3372
4108,3774
4109,2145
4111,1815
4111,1176
4113,476
4114,3404
4116,1062
4118,2821
4121,4598
4122,394
4124,2745
4125,4061
4129,2862
4134,3315
4135,721
4136,2335
4136,1503
4136,2564
4136,658
4137,4624
4137,4479
4139,675
4140,3796
4147,2249
4148,716
4149,2330
4151,3393
4152,1244
4153,4225
4154,664
4155,2081
4156,10
4157,623
4158,2165
4159,1345
4160,2634
4161,4556
4162,2634
4162,4909
4165,174
4166,2387
4166,2723
4170,839
4174,2529
4174,566
4175,1890
4177,3698
4178,2880
4181,1532
4182,1462
4183,2735
4186,1426
4187,408
4189,4681
4191,2090
4192,905
4193,2349
4194,90
4195,3408
4196,3408
4198,88
4199,344
4204,1564
4205,1545
4206,4864
4209,4812
4209,1457
4210,1231
4211,185
4212,1535
4213,2628
4214,1605
4215,4763
4218,4165
4218,490
4220,1383
4222,537
4223,4467
4224,3932
4225,154
4226,3887
4229,4168
4230,4168
4232,4309
4233,4309
4234,3105
4234,4420
4235,599
4237,1271
4238,2953
4239,2953
4240,2953
4243,2137
4244,3406
4245,4421
4247,1819
4248,1819
4249,4467
4250,3833
4253,2843
4256,959
4259,1101
4260,4502
4263,1384
4268,4807
4269,4793
4276,2027
4278,996
4279,3808
4281,529
4282,1576
4283,1502
4284,578
4285,3962
4285,710
4286,4712
4287,3179
4288,1741
4290,1600
4290,3827
4292,3161
4293,4234
4294,538
4295,3431
4296,2427
4298,1525
4300,1819
4302,1819
4303,2064
4304,94
4307,153
4314,1391
4314,4445
4315,3201
4316,522
4318,4003
4319,4535
4320,2948
4322,1278
4323,2968
4324,2619
4325,3082
4326,3688
4329,4893
4330,903
4331,362
4332,73
4333,2818
4334,1054
4335,3290
4336,2657
4337,314
4338,1054
4339,1054
4340,923
4342,966
4342,3586
4343,2611
4344,903
4346,3248
4347,451
4349,2301
4350,4608
4352,2606
4353,1140
4355,1191
4355,2436
4356,1169
4358,2183
4359,3405
4361,4425
4362,4247
4365,707
4365,3350
4370,3912
4371,1263
4374,112
4375,3408
4376,4524
4378,2965
4379,3284
4383,770
4384,1364
4386,1596
4386,730
4389,4758
4391,3247
4392,374
4393,3568
4394,1528
4395,3099
4395,2520
4396,1361
4397,4416
4397,1785
4398,2802
4399,2423
4402,4339
4403,1552
4405,2066
4412,166
4415,856
4417,1280
4418,2534
4419,381
4420,2775
4421,1269
4422,864
4423,4301
4424,4301
4425,3441
4426,195
4427,2087
4428,4458
4429,3247
4430,4818
4430,4894
4432,646
4433,4278
4434,3939
4435,357
4436,3749
4438,178
4439,864
4440,3278
4441,2890
4442,2104
4443,3726
4444,4719
4445,695
4446,2764
4447,1607
4448,4114
4449,1756
4450,2087
4451,4473
4452,427
4453,1245
4454,864
4455,1137
4456,761
4457,449
4458,4570
4459,3781
4460,4014
4461,597
4463,2358
4464,3708
4465,1339
4467,3480
4468,197
4469,174
4471,4961
4472,2726
4473,2761
4474,4384
4476,572
4478,1136
4481,4036
4482,3369
4483,4048
4485,1220
4487,1835
4487,582
4491,3052
4493,2097
4494,1796
4497,828
4500,1833
4501,3568
4503,4214
4506,2511
4507,4193
4508,4496
4510,547
4511,3412
4513,3194
4514,2851
4515,4811
4516,3710
4517,634
4520,2776
4523,1389
4525,1930
4525,2960
4526,1707
4527,3751
4529,4507
4533,465
4534,443
4538,1079
4539,1104
4540,1220
4541,667
4541,2244
4542,3907
4544,734
4545,667
4546,734
4548,4513
4548,1100
4549,1225
4549,581
4553,490
4555,1100
4556,414
4557,4229
4558,3247
4559,3959
4560,4357
4561,1590
4562,4457
4563,4816
4564,3073
4565,3895
4566,3454
4567,3207
4568,178
4569,4875
4570,3090
4572,2087
4573,2623
4574,4391
4575,606
4576,2412
4577,2623
4578,4859
4579,2770
4580,1
4581,4310
4582,4647
4583,3042
4584,525
4585,923
4586,178
4587,4039
4588,2395
4589,2686
4590,3518
4591,3518
4592,3982
4593,4214
4594,2550
4595,1244
4596,1443
4597,1948
4598,3145
4599,4983
4600,2241
4601,3508
4601,1382
4602,1382
4602,3508
4603,4720
4604,2936
4606,1985
4607,1101
4608,1607
4610,2898
4611,327
4612,4357
4613,1232
4614,4198
4615,4659
4616,2049
4617,4240
4618,4666
4619,450
4620,3927
4621,3353
4625,3408
4626,1463
4626,3824
4627,949
4631,4399
4631,469
4642,3260
4643,1826
4647,3169
4650,3855
4654,2785
4657,3347
4657,2431
4658,2278
4660,882
4661,4496
4662,4257
4665,2934
4666,4823
4667,4037
4668,941
4669,3537
4670,2205
4672,676
4676,1629
4680,4501
4681,2145
4682,2390
4684,3506
4685,4769
4686,3562
4687,3523
4688,2640
4689,880
4691,548
4692,4676
4693,3646
4694,3027
4695,441
4698,4622
4699,1471
4700,885
4701,327
4702,4635
4706,3704
4707,1149
4708,3117
4709,4700
4713,3091
4714,919
4715,1963
4716,1583
4716,4523
4716,3732
4719,666
4720,2412
4721,2506
4721,743
4722,2104
4723,2764
4724,961
4725,4964
4726,2412
4727,3209
4728,3697
4729,3479
4730,1480
4731,4391
4732,4570
4733,4457
4734,2023
4735,3209
4736,3327
4737,400
4738,2412
4740,1737
4740,4870
4741,4171
4746,4958
4747,4958
4749,602
4750,1335
4750,3825
4752,1851
4754,4658
4756,205
4757,955
4758,319
4761,4588
4766,3450
4769,3879
4770,4812
4770,1457
4771,198
4774,1067
4775,1003
4776,1887
4780,3425
4782,1335
4782,3825
4783,4743
4784,1338
4785,1704
4786,597
4787,4920
4788,4920
4789,3201
4790,365
4791,4844
4792,1465
4792,4050
4793,1
4794,2034
4795,3770
4796,374
4797,2160
4798,4979
4800,2591
4801,1727
4802,3082
4802,1762
4803,4567
4804,1072
4806,3382
4807,1437
4809,1335
4809,3825
4811,4969
4812,4927
4813,4353
4815,2994
4817,1134
4818,4690
4820,2117
4823,3903
4824,4201
4824,475
4826,3918
4826,3211
4826,4816
4826,1137
4827,1489
4828,3976
4828,3709
4829,1296
4830,849
4831,2258
4834,2866
4835,3130
4836,3853
4840,4233
4841,3841
4843,3622
4844,75
4848,4730
4850,1335
4850,3825
4851,4472
4852,3201
4855,710
4856,1842
4859,3891
4860,1659
4861,4419
4862,1415
4864,1072
4865,406
4865,2018
4867,1335
4867,3825
4868,1375
4868,2981
4869,1657
4871,2008
4872,1733
4873,4831
4874,112
4876,2273
4877,833
4878,1543
4878,4888
4879,354
4881,3465
4882,4215
4883,4890
4884,86
4885,4715
4886,2316
4887,1758
4888,3008
4888,682
4889,3504
4890,3761
4891,1637
4892,3247
4894,2141
4898,1167
4898,293
4900,4818
4902,1772
4903,1922
4905,429
4906,457
4907,2613
4908,4409
4910,967
4912,2285
4913,3482
4916,4691
4917,2084
4917,1648
4918,4109
4918,1360
4918,559
4919,4855
4920,321
4921,617
4922,2565
4923,1873
4923,3320
4924,203
4928,896
4929,3036
4930,288
4932,4122
4933,2168
4935,4862
4936,670
4937,827
4938,586
4939,1363
4940,3983
4941,1335
4941,3825
4944,3650
4945,1493
4946,2519
4948,3901
4949,4818
4951,1363
4953,1117
4954,1910
4955,1117
4956,3840
4957,1
4959,1591
4960,2323
4961,4972
4963,1335
4963,3825
4964,2167
4966,3523
4967,3523
4969,3509
4970,1713
4971,2006
4972,2925
4973,2651
4975,3713
4976,1110
4978,3374
4980,742
4982,1295
4983,1056
4984,2503
4987,4883
4988,2706
4990,4562
4991,974
4992,1057
4994,4157
4996,2817
4997,4330
4997,2820
4999,2976
5000,662
5002,1335
5002,3825
5003,1335
5003,3825
5004,3231
5007,1542
5008,732
5009,732
5010,1825
5011,1940
5012,1694
5013,1487
5014,2315
5015,4391
5016,4530
5016,103
5016,3963
5017,4530
5017,103
5017,3963
5018,4530
5018,103
5018,3963
5019,3523
5020,3523
5021,1018
5022,732
5023,4981
5025,3201
5026,2274
5029,242
5032,261
5034,725
5035,3219
5038,4918
5040,1465
5041,4266
5042,4910
5042,4447
5043,139
5044,2644
5045,30
5046,4473
5048,4345
5050,4045
5051,1660
5052,3746
5054,2684
5055,221
5056,1240
5057,3172
5059,72
5059,2403
5060,435
5061,4045
5063,1335
5063,3825
5065,2793
5067,1335
5067,3825
5068,4752
5069,2600
5069,4126
5072,4045
5073,3805
5074,4389
5074,3293
5075,2029
5077,1335
5077,3825
5078,4812
5078,1457
5080,935
5080,4760
5081,1275
5082,3653
5084,1897
5085,3868
5086,989
5087,1072
5089,962
5092,1872
5093,1213
5094,2607
5095,3381
5097,3436
5101,1707
5102,731
5103,4611
5105,3377
5107,1472
5108,2652
5109,4467
5111,3860
5112,2659
5114,937
5115,4004
5116,1907
5116,3247
5117,4020
5118,2168
5122,4753
5123,532
5124,3045
5125,3637
5128,3201
5130,2978
5131,4760
5132,935
5132,4760
5133,1558
5134,2568
5135,4467
5136,3209
5137,4634
5138,3153
5138,4182
5143,556
5144,3595
5144,3418
5145,423
5147,3371
5149,421
5149,1272
5152,1424
5153,2070
5154,2057
5157,937
5159,248
5159,480
5161,2952
5162,68
5163,7
5164,172
5165,3698
5168,2541
5172,3201
5173,2579
5175,3191
5177,1335
5177,3825
5178,2655
5180,1001
5182,1293
5183,546
5184,400
5185,3493
5187,98
5188,3331
5189,4721
5189,1511
5190,3606
5191,4841
5197,3951
5198,4814
5199,4329
5200,112
5202,2605
5203,4035
5204,2069
5205,3899
5208,1718
5210,3722
5210,2388
5212,3850
5213,2079
5214,2008
5215,2890
5218,871
5219,275
5221,873
5223,3079
5224,2567
5225,3825
5226,2256
5227,4692
5228,1770
5229,1900
5230,3666
5231,1072
5234,2182
5235,4015
5236,2210
5239,1864
5240,501
5241,4036
5242,4258
5249,2002
5250,4143
5250,2701
5253,1872
5254,3614
5256,3003
5257,2051
5261,452
5262,3966
5265,4383
5266,157
5267,3275
5268,1787
5269,3675
5270,3785
5271,4824
5272,1468
5274,662
5276,4927
5277,2976
5278,3625
5280,3041
5280,2012
5282,4948
5283,1471
5284,3622
5291,1275
5293,1229
5294,1229
5295,4759
5297,1275
5301,680
5303,2177
5304,1066
5305,4760
5307,1416
5308,1435
5308,4485
5309,3758
5309,3100
5310,935
5310,4760
5311,839
5311,1031
5312,3308
5313,3233
5314,3178
5315,1031
5315,839
5316,3201
5317,4561
5318,3281
5319,3006
5320,3201
5323,3168
5323,1773
5324,1836
5326,4467
5327,4467
5329,4834
5330,3182
5331,2658
5332,2831
5333,1446
5334,4753
5335,3369
5336,3369
5337,3369
5338,3369
5339,3369
5340,3369
5341,1500
5342,2627
5343,1335
5343,3825
5344,2914
5345,110
5347,1717
5352,4351
5354,563
5358,2235
5359,2032
5360,198
5362,1562
5365,1693
5368,886
5369,3332
5370,836
5371,2689
5372,2389
5373,2664
5374,1059
5375,4471
5376,3343
5377,2859
5378,3486
5379,4467
5380,4467
5382,673
5386,4956
5388,65
5389,1561
5390,198
5392,4680
5395,4153
5397,4788
5399,4405
5401,4680
5403,170
5409,4760
5412,677
5416,413
5417,3014
5418,4726
5419,2382
5420,1620
5421,743
5424,3682
5424,2292
5425,4752
5427,4836
5428,4052
5428,391
5429,295
5430,1885
5431,3798
5432,1219
5433,2473
5436,138
5441,2894
5442,4765
5443,3568
5443,2757
5444,3287
5447,2878
5448,4760
5449,1402
5450,2247
5451,1219
5452,1402
5453,1058
5454,4709
5455,2997
5456,3086
5457,4046
5461,3086
5462,4680
5463,4760
5464,3122
5467,1402
5468,1705
5469,674
5470,2412
5472,1073
5473,4610
5474,4393
5475,539
5476,4050
5477,1457
5479,3972
5479,2345
5481,1363
5482,1275
5483,1518
5484,895
5485,3113
5486,1275
5487,4642
5488,4531
5490,4440
5490,3423
5490,3529
5491,1445
5492,2980
5493,3361
5494,115
5496,3825
5496,1335
5497,4761
5498,726
5499,3620
5500,4206
5501,1091
5502,1810
5503,4884
5504,1402
5505,644
5506,3462
5507,504
5508,2236
5508,2891
5509,715
5512,2392
5513,169
5516,4483
5517,2694
5518,191
5518,1594
5519,3201
5522,3856
5522,815
5522,4399
5523,2604
5525,4414
5526,4467
5527,1472
5528,1472
5529,1472
5530,1197
5531,4140
5532,2909
5533,2736
5534,3101
5535,4030
5536,1395
5537,3344
5537,705
5540,3824
5541,4371
5542,2428
5544,718
5545,1264
5546,1290
5547,1512
5548,4002
5549,2221
5550,796
5551,3618
5552,3148
5553,4955
5555,2313
5556,3400
5557,853
5558,2994
5560,2152
5561,3566
5562,2543
5563,1707
5565,1156
5566,2212
5569,3049
5571,1658
5572,368
5573,4522
5574,4697
5574,4248
5575,4865
5577,2994
5578,4121
5580,3550
5582,859
5583,2329
5585,3997
5587,1076
5587,2279
5588,513
5589,3957
5590,1026
5591,4387
5595,2965
5596,2366
5597,3435
5598,4088
5600,427
5601,2324
5603,3926
5603,3596
5605,2252
5606,802
5607,858
5608,1194
5611,1574
5613,632
5613,2197
5614,4536
5614,1227
5615,1335
5615,3825
5616,534
5617,4903
5618,1117
5619,4567
5620,4792
5621,2142
5622,93
5623,1072
5624,816
5625,2734
5626,4195
5627,917
5628,3201
5629,2280
5630,1771
5631,2836
5632,3038
5633,3366
5634,2816
5635,4259
5636,2942
5637,140
5638,3106
5639,2588
5640,2356
5642,3444
5643,2500
5644,196
5645,3123
5646,3989
5647,4473
5648,4526
5649,3362
5649,2631
5650,4884
5652,4156
5653,1291
5657,3593
5658,4517
5658,4146
5660,301
5661,664
5662,146
5664,624
5665,1508
5667,263
5675,4134
5677,1203
5679,1335
5679,3825
5680,2717
5682,4031
5683,239
5686,3775
5688,2717
5689,4776
5690,963
5692,1452
5694,1248
5695,1915
5696,2229
5697,1051
5698,2238
5699,3690
5702,3095
5703,580
5705,99
5706,1459
5707,2157
5709,1850
5710,2328
5711,4037
5712,3825
5712,2746
5713,2994
5713,619
5714,4782
5715,3475
5718,1979
5719,4945
5720,2549
5722,1909
5725,3201
5726,634
5726,4427
5727,1094
5734,3722
5734,2388
5735,3078
5736,1084
5737,112
5738,2666
5739,454
5740,4
5741,603
5743,238
5744,235
5746,3907
5747,2
5748,1229
5749,3406
5750,3406
5751,2455
5755,958
5756,2423
5757,4867
5758,4584
5759,3268
5761,829
5762,3796
5765,4652
5766,11
5768,643
5771,3033
5773,157
5774,3518
5775,4618
5777,3863
5779,3640
5780,2548
5780,2502
5781,1319
5783,2521
5783,2714
5784,1643
5784,4914
5785,2008
5793,794
5794,68
5795,2428
5796,4277
5797,221
5798,3718
5809,1072
5810,950
5811,377
5814,2428
5816,3814
5817,68
5818,1072
5819,4467
5820,787
5821,3814
5822,171
5825,4085
5827,1374
5829,355
5831,2718
5832,3670
5833,3126
5834,4037
5835,1950
5836,1363
5838,2225
5838,1513
5838,3737
5838,3626
5838,3468
5838,1253
5838,4037
5838,1181
5838,659
5838,4276
5838,3783
5840,1335
5840,3825
5841,4740
5842,4961
5843,1465
5843,4050
5847,3101
5848,1072
5849,1574
5850,1112
5852,2463
5852,2451
5853,1872
5855,4943
5858,708
5859,4340
5860,2298
5861,4164
5861,2801
5862,1834
5865,2185
5866,3989
5869,4473
5873,1335
5873,3825
5874,4961
5875,4961
5876,1072
5877,2354
5879,1669
5880,2059
5881,2560
5881,4530
5881,103
5881,3963
5882,3571
5884,1433
5885,3799
5887,1854
5888,2469
5888,1123
5888,3834
5888,3071
5888,2095
5888,3806
5888,2215
5888,1035
5888,1351
5888,588
5888,3397
5888,4144
5888,693
5889,2516
5890,2906
5891,4731
5892,3581
5893,3837
5893,2196
5894,4665
5895,1072
5897,2775
5898,4052
5898,391
5899,1442
5900,1072
5902,3370
5902,1109
5904,3860
5905,1829
5906,4044
5907,1281
5908,3579
5910,2475
5911,3856
5911,815
5912,4473
5913,4694
5914,3014
5916,3199
5917,304
5918,4592
5922,1072
5925,4473
5926,4277
5927,3516
5927,4136
5928,3587
5929,4031
5930,2574
5930,3187
5931,3755
5931,3120
5932,2882
5932,3349
5933,454
5935,3411
5936,4631
5937,159
5938,3463
5939,3206
5939,2322
5942,741
5943,4750
5944,2367
5945,1736
5946,2901
5947,3118
5948,2488
5949,1584
5950,810
5951,1207
5952,893
5953,2569
5954,569
5954,2730
5955,1572
5956,3881
5957,2895
5958,2350
5959,390
5960,2877
5961,2944
5962,318
5963,402
5964,4103
5966,1389
5967,4901
5969,4056
5970,1671
5971,419
5972,4008
5972,1208
5973,2576
5974,2982
5976,1357
5977,738
5978,3706
5980,297
5981,1816
5982,15
5984,27
5986,2621
5988,309
5989,1817
5991,4858
5992,2975
5992,4757
5993,4661
5994,2243
5995,1387
5996,924
5997,2775
5999,4939
6000,3988
6001,1077
6001,2320
6003,1042
6004,282
6005,890
6006,3402
6007,584
6008,1723
6009,2670
6010,4739
6011,4385
6012,1709
6013,497
6014,4544
6015,411
6016,28
6017,335
6018,3549
6019,4047
6020,2680
6021,3710
6022,289
6023,2361
6024,4770
6025,1931
6026,241
6026,2872
6028,1077
6028,2320
6029,2010
6030,4592
6031,2190
6032,3131
6033,2837
6034,2671
6035,711
6036,4301
6037,1257
6039,437
6040,2831
6041,505
6042,492
6043,598
6044,2004
6046,4930
6047,3597
6048,1448
6048,1467
6050,4168
6051,3855
6052,1353
6053,4243
6054,1258
6055,4356
6056,2369
6057,1199
6058,730
6058,1596
6059,3958
6060,4783
6061,148
6062,516
6063,1494
6064,4419
6065,2676
6066,4584
6069,4577
6070,3836
6071,1108
6072,1868
6073,2768
6074,4570
6075,1723
6076,2123
6077,419
6079,2861
6080,328
6080,3061
6081,2740
6082,1379
6082,2490
6083,1860
6084,3941
6085,1802
6086,4540
6087,783
6087,332
6088,1043
6089,4091
6091,1874
6092,4367
6093,2870
6094,2237
6096,3953
6097,1757
6098,869
6099,592
6100,697
6104,4501
6105,742
6107,3662
6108,1382
6108,3508
6110,3630
6111,1013
6111,3879
6112,4959
6113,3700
6114,1300
6115,4645
6116,1639
6117,4452
6117,855
6117,1020
6118,1999
6119,2321
6120,3422
6121,2680
6122,213
6123,4982
6124,4129
6125,1599
6126,1599
6128,444
6129,1344
6130,2860
6131,3359
6132,4877
6134,995
6135,3161
6136,2856
6137,1371
6139,1990
6140,909
6141,249
6142,4260
6143,649
6144,3870
6145,2129
6146,2071
6148,818
6149,1664
6150,964
6151,3098
6152,4452
6153,4780
6153,4606
6154,747
6155,747
6156,3279
6158,618
6159,764
6159,4925
6160,2581
6161,3639
6163,4341
6164,2346
6165,4047
6166,111
6169,2163
6170,123
6171,4080
6172,4670
6173,3026
6174,2253
6176,1703
6177,4361
6179,4395
6179,2254
6180,4668
6180,3285
6181,1712
6182,3035
6182,4434
6183,4991
6184,3819
6185,1478
6186,4664
6187,2143
6188,3772
6189,759
6190,960
6191,1680
6192,182
6193,1479
6194,167
6196,3768
6196,4012
6197,740
6197,2080
6198,1458
6200,2562
6201,1846
6201,2809
6202,4079
6203,4299
6204,1326
6205,3577
6206,4857
6207,3338
6208,3356
6209,1195
6210,1154
6211,3156
6212,2339
6213,2339
6215,2675
6216,3186
6218,3543
6218,2360
6219,736
6221,4606
6222,4252
6223,4252
6224,3197
6225,367
6226,3756
6227,2435
6227,620
6228,1536
6230,2545
6231,3167
6232,635
6233,2138
6234,2448
6235,1832
6236,918
6237,2784
6238,4258
6239,4022
6239,2571
6240,3446
6241,3633
6242,3785
6243,3633
6244,3785
6244,3633
6244,2571
6245,2061
6246,4235
6247,3533
6248,4718
6249,2302
6252,3949
6255,2672
6256,2135
6257,3255
6258,2984
6260,791
6260,4527
6261,1352
6267,4632
6268,1775
6269,2074
6269,3651
6270,3819
6271,3969
6272,1494
6273,3120
6274,1681
6275,712
6278,379
6279,4202
6281,4270
6283,908
6284,3559
6285,3559
6286,4533
6288,2337
6289,821
6290,2217
6291,3540
6293,4223
6294,1409
6297,4818
6298,272
6299,4818
6300,3959
6301,981
6303,353
6304,4077
6306,993
6307,2486
6308,3067
6309,2955
6310,4038
6311,2994
6312,826
6313,4196
6313,1626
6314,2800
6315,2233
6315,1441
6315,2425
6315,1942
6316,3224
6317,3801
6318,2073
6320,456
6321,1299
6322,2852
6323,852
6325,3381
6326,615
6327,647
6328,2547
6329,2149
6330,4967
6331,3001
6332,4620
6333,2166
6334,2857
6335,2643
6337,4603
6338,486
6339,3862
6340,256
6341,784
6343,3927
6344,2408
6345,302
6346,4617
6347,3135
6349,4629
6350,4251
6351,3741
6352,3973
6352,555
6353,985
6354,2753
6354,488
6355,2215
6355,3301
6356,3183
6357,552
6359,1342
6360,4205
6363,2767
6363,4009
6364,2021
6366,2703
6367,2062
6368,1362
6370,978
6371,1300
6372,1046
6373,936
6375,4583
6376,1754
6377,1089
6378,2546
6380,4053
6381,4840
6383,3220
6384,3220
6385,3220
6387,3954
6388,1158
6389,3644
6391,2039
6392,4946
6393,4135
6395,2661
6395,106
6396,2466
6397,1250
6398,4566
6400,3190
6401,2798
6403,2939
6404,2104
6406,733
6407,733
6409,812
6410,3
6411,2653
6413,1009
6415,2811
6415,4055
6416,3743
6418,3745
6419,3229
6420,4139
6422,382
6423,3589
6424,3289
6425,2113
6425,4677
6426,3453
6428,2514
6429,576
6430,576
6432,2153
6433,3699
6434,4145
6435,4154
6435,150
6436,1523
6437,3727
6438,3472
6439,3759
6440,1498
6441,1825
6442,3609
6443,4644
6444,2118
6445,2832
6446,4104
6447,1304
6448,4692
6449,979
6449,2949
6450,1825
6451,2195
6453,576
6453,2385
6454,3531
6455,1840
6459,4333
6462,3876
6462,2771
6463,2771
6463,703
6464,703
6464,2771
6465,272
6465,713
6466,3846
6467,243
6468,2737
6469,3109
6471,4733
6472,2574
6473,4239
6474,3385
6475,2884
6476,2453
6477,2756
6479,1268
6480,1515
6481,4186
6482,1119
6483,3178
6485,3244
6486,2672
6487,2490
6489,3459
6489,3935
6490,3015
6492,1192
6493,3025
6494,2489
6495,4988
6497,4354
6498,2059
6500,4649
6501,1367
6502,3218
6502,4094
6502,3861
6503,2688
6504,2795
6511,3924
6512,2408
6513,2559
6516,3820
6517,2961
6518,3086
6519,4325
6522,1325
6523,3959
6524,1968
6526,571
6526,4290
6527,4113
6528,3977
6529,2024
6530,738
6531,3959
6532,2822
6534,462
6535,3179
6536,4648
6537,4075
6538,2876
6540,3701
6540,657
6541,4565
6542,2121
6544,4373
6545,3728
6546,4238
6547,264
6548,67
6549,4326
6551,4532
6552,3150
6553,1784
6554,2647
6555,848
6556,405
6558,3130
6559,1778
6562,2804
6563,349
6565,2814
6566,754
6567,1793
6568,1376
6570,1311
6571,3499
6574,2132
6575,4512
6575,700
6576,1770
6576,4852
6577,3471
6578,3490
6579,361
6580,2333
6581,337
6582,2740
6583,2224
6584,518
6585,1621
6586,2344
6589,400
6590,55
6590,3714
6591,1821
6592,4469
6593,3428
6594,486
6595,4313
6596,2020
6597,698
6598,4346
6599,4868
6600,4464
6601,638
6603,3543
6603,2360
6605,5
6606,4001
6607,1663
6609,2351
6610,4129
6611,1518
6613,1393
6615,3181
6616,2130
6617,2829
6618,32
6620,1798
6621,2482
6622,3391
6623,4716
6624,3289
6625,4539
6625,1450
6625,3532
6625,4663
6625,656
6625,133
6625,1965
6625,19
6625,3849
6625,2184
6626,4835
6627,2494
6628,1874
6629,1874
6630,1874
6631,2929
6632,4778
6633,2279
6634,3704
6635,1603
6637,576
6638,2206
6639,2710
6640,2721
6641,2300
6641,1519
6642,685
6643,1923
6644,2125
6645,1719
6646,272
6648,2897
6649,1549
6650,2379
6654,4106
6655,4825
6656,68
6657,4474
6658,4057
6662,1892
6663,4426
6665,4415
6666,3610
6667,1946
6668,1692
6669,3543
6669,2360
6670,1741
6671,717
6676,1462
6678,4738
6680,3386
6681,847
6682,2903
6683,2014
6684,1210
6684,2193
6685,2193
6685,1210
6686,2596
6687,4993
6688,4137
6689,4422
6690,4560
6692,4784
6693,1883
6695,3812
6697,937
6699,3020
6700,143
6701,4950
6702,3915
6703,2684
6704,575
6705,1759
6706,1127
6707,4397
6709,4430
6711,2173
6712,930
6713,2041
6714,1199
6716,3909
6717,3305
6719,168
6720,4968
6721,1597
6721,2265
6721,4717
6721,982
6722,4102
6723,1603
6724,4534
6726,4533
6727,4533
6728,4533
6730,3392
6731,2750
6734,2954
6735,1362
6736,2489
6737,2850
6737,1114
6738,590
6739,2310
6740,331
6741,44
6743,1086
6744,4165
6746,4190
6747,278
6748,4127
6749,4662
6750,370
6752,2406
6753,3190
6754,4751
6755,2927
6756,4751
6757,789
6758,176
6759,1656
6760,1356
6761,4490
6762,514
6763,1323
6765,1650
6766,3647
6768,4119
6769,3540
6770,2676
6772,4192
6772,453
6773,1977
6776,2483
6777,1449
6778,2098
6778,4628
6779,2668
6780,455
6781,512
6782,3559
6784,3389
6784,772
6785,2290
6787,407
6788,3919
6790,1505
6791,41
6793,3704
6794,2489
6795,1770
6797,2732
6798,2729
6799,943
6800,144
6801,1366
6802,2933
6802,1168
6803,4678
6805,3877
6806,175
6808,4578
6809,1425
6810,765
6811,4775
6814,999
6815,644
6816,1349
6817,1720
6818,4382
6819,3986
6820,4166
6822,126
6824,1749
6827,4959
6829,2558
6830,3692
6831,130
6832,4878
6833,3817
6838,2826
6839,1891
6840,1080
6841,4346
6843,4047
6844,3521
6845,3533
6846,2681
6847,3373
6847,364
6848,399
6849,3373
6851,3373
6852,3890
6853,4422
6854,3754
6854,2805
6855,722
6856,4231
6857,1177
6859,1811
6860,3600
6860,4951
6861,2835
6862,1811
6863,4516
6864,702
6865,2672
6866,1608
6867,2514
6868,1011
6870,2036
6871,4903
6873,3235
6874,2208
6875,229
6876,2273
6877,4614
6878,2926
6879,1305
6880,208
6881,4959
6882,4891
6883,4545
6884,30
6885,792
6887,3269
6888,177
6889,819
6892,5
6893,1807
6894,1761
6897,3927
6898,320
6899,4736
6900,4332
6901,3556
6903,2314
6904,4235
6905,4768
6906,4768
6909,4880
6910,1494
6911,3394
6911,1935
6911,1403
6911,3288
6911,100
6911,135
6911,3010
6911,1996
6911,3401
6911,2528
6911,3652
6911,872
6912,4212
6913,4408
6914,4411
6915,1766
6916,2969
6917,3670
6919,234
6921,691
6921,694
6922,1255
6925,1118
6925,3432
6926,701
6928,464
6928,988
6929,4336
6930,260
6932,2955
6933,660
6934,4435
6935,4800
6935,629
6937,1825
6939,793
6940,2846
6941,901
6943,1540
6944,4598
6945,2181
6946,1856
6947,2908
6948,91
6949,3102
6950,1365
6951,4321
6953,3213
6955,1729
6955,2430
6957,2066
6958,557
6959,436
6960,1069
6961,1527
6962,2521
6963,3780
6965,1302
6967,1209
6968,4407
6969,2281
6973,1461
6974,2096
6976,2645
6978,4531
6979,2659
6980,3789
6981,2905
6983,4880
6983,2582
6984,931
6985,1702
6985,1568
6985,2858
6985,439
6985,2195
6985,4561
6985,3889
6985,560
6985,1146
6986,503
6987,2497
6988,2497
6989,2786
6990,4197
6991,1567
6992,1567
6993,2762
6994,2457
6995,411
6996,773
6998,4378
7000,2575
7001,822
7002,3386
7003,609
7004,1230
7005,4312
7006,1227
7008,4978
7009,4595
7010,3375
7011,3424
7012,4322
7013,2493
7014,4285
7015,1556
7016,2179
7017,404
7019,2371
7020,2172
7021,4688
7022,481
7022,4941
7023,3476
7024,2797
7026,461
7027,2533
7028,4609
7031,739
7032,739
7033,2547
7035,383
7036,941
7037,284
7037,2003
7038,1925
7039,3108
7041,877
7042,4687
7043,2587
7044,4023
7045,3367
7046,283
7047,167
7048,3259
7049,902
7050,3318
7052,3044
7053,4781
7054,1307
7056,4210
7057,4467
7058,1348
7059,626
7061,2047
7062,22
7063,322
7064,45
7065,1488
7066,4280
7067,350
7068,3598
7069,3617
7071,1961
7072,1961
7073,1961
7074,1961
7075,1135
7076,7
7077,3748
7078,2069
7079,3341
7080,1400
7085,4563
7087,3561
7088,1470
7089,3147
7090,3147
7091,3147
7092,819
7093,4475
7094,401
7095,1723
7096,779
7097,1206
7098,1222
7100,1631
7103,3262
7104,4531
7105,764
7106,4922
7107,1709
7108,3867
7109,3270
7110,3479
7111,3676
7111,4989
7112,1029
7112,4386
7113,4954
7114,2069
7115,482
7116,2104
7118,748
7119,374
7120,3058
7122,2195
7123,4978
7125,4036
7127,819
7128,3119
7129,4907
7131,4049
7133,2120
7134,2641
7135,3686
7136,4873
7137,317
7138,4267
7140,3632
7141,3297
7142,4529
7145,1825
7146,2606
7147,1604
7148,1824
7150,2156
7151,3180
7152,4094
7152,3218
7153,2437
7154,1054
7155,1062
7157,3019
7159,4986
7160,1173
7161,4508
7162,4713
7163,4194
7164,1390
7165,3397
7165,4506
7165,3979
7165,2638
7165,416
7165,247
7165,4063
7165,843
7165,2031
7165,4460
7166,2847
7167,940
7168,1065
7170,4408
7171,2536
7172,258
7173,781
7174,1350
7175,2768
7176,55
7177,55
7179,1395
7179,1405
7180,1395
7180,1405
7181,2994
7182,1774
7184,2255
7187,1137
7189,2672
7190,3214
7190,4438
7191,2204
7192,4226
7193,494
7194,1770
7195,1318
7196,3001
7198,2069
7199,2069
7200,4660
7201,4019
7202,4729
7203,1651
7204,3674
7205,2877
7206,1474
7207,2474
7208,3933
7209,4398
7210,3474
7211,2162
7211,633
7212,3256
7213,1382
7213,3508
7214,3433
7217,4176
7219,2516
7220,1276
7220,2355
7221,3185
7222,316
7224,2161
7224,1673
7225,2595
7226,3460
7228,2700
7228,24
7229,2700
7229,24
7230,24
7231,24
7232,24
7234,2700
7234,24
7235,3802
7237,4423
7238,2015
7239,3330
7240,4555
7241,699
7242,1934
7243,1646
7244,2176
7245,4038
7247,3605
7248,1518
7249,2630
7250,2580
7251,2573
7251,4602
7252,3168
7252,1773
7253,360
7254,2362
7259,1004
7260,3971
7261,1676
7262,973
7263,1153
7266,870
7268,3747
7270,3076
7271,1418
7272,4573
7273,3421
7273,2112
7274,4124
7275,1795
7276,2222
7277,587
7278,587
7279,587
7281,3324
7282,1113
7283,3525
7284,4432
7285,3181
7287,3889
7289,4022
7289,4183
7290,4774
7290,704
7293,329
7294,3725
7294,3029
7294,3872
7295,4358
7296,3383
7297,2105
7299,4790
7300,4435
7303,3869
7304,1054
7305,459
7306,209
7307,3805
7309,1961
7310,553
7311,4576
7312,1895
7314,4424
7315,1677
7316,1734
7317,4048
7318,165
7320,165
7321,2050
7323,4172
7324,454
7327,3107
7328,4843
7329,1484
7329,2188
7330,2122
7330,4869
7331,3665
7333,3131
7334,953
7335,4942
7335,4470
7336,2082
7337,1728
7338,200
7340,1585
7341,1838
7342,524
7345,4917
7346,2330
7347,1514
7348,4555
7351,3642
7352,2772
7353,594
7355,1392
7356,3031
7357,4727
7358,1054
7359,3022
7361,535
7361,2889
7362,2806
7363,4912
7364,2192
7365,1513
7366,4492
7367,2267
7368,1083
7370,2203
7370,4257
7371,3193
7372,1905
7373,427
7374,2749
7375,343
7376,295
7378,1235
7379,1874
7380,4236
7381,2257
7385,4953
7387,1825
7388,3476
7389,2359
7390,3683
7391,3936
7392,2812
7394,1339
7395,3063
7396,26
7397,3047
7398,3056
7399,4360
7400,1470
7401,2950
7402,4314
7403,3484
7404,1356
7406,2987
7408,3417
7410,1818
7411,3181
7412,637
7413,1541
7414,1178
7415,1565
7416,1222
7416,1287
7417,2989
7418,4293
7420,4303
7421,2807
7422,3810
7423,1115
7423,811
7424,686
7425,4149
7426,2642
7426,4646
7427,558
7427,4040
7428,3995
7429,1307
7430,850
7431,4188
7432,4959
7433,3981
7434,3322
7435,2744
7435,1662
7438,1277
7440,3917
7441,1164
7442,2855
7442,4203
7443,1638
7444,1638
7445,1200
7446,3412
7449,809
7451,186
7452,4029
7453,4532
7455,1052
7457,1580
7459,348
7461,3510
7462,356
7463,4457
7465,1953
7466,1959
7467,1111
7468,3443
7470,3631
7471,4107
7472,1789
7473,3955
7474,4547
7475,3832
7475,2656
7476,2158
7477,3612
7478,3358
7479,4103
7480,1827
7482,3704
7483,3629
7485,1223
7487,112
7488,1924
7489,4163
7490,2019
7491,3446
7492,1414
7492,723
7493,3446
7493,3731
7494,2439
7495,4294
7495,446
7496,3446
7497,3175
7497,2019
7498,3446
7499,426
7499,3446
7500,2289
7500,1287
7501,2439
7501,723
7501,2289
7502,2439
7502,2019
7504,2877
7505,219
7507,242
7508,1517
7509,1884
7510,3742
7511,768
7512,338
7513,2261
7514,4209
7515,976
7516,2162
7516,1320
7516,4532
7516,2605
7516,4048
7516,2979
7516,509
7516,2341
7516,1007
7516,1223
7516,1930
7516,2542
7517,1368
7518,4048
7519,3177
7520,3093
7521,2665
7523,4272
7524,1052
7525,1825
7526,1625
7526,2001
7527,4018
7528,3927
7531,2409
7531,3702
7532,3456
7533,941
7534,1628
7535,764
7536,2530
7537,1577
7538,4374
7540,2803
7542,3518
7542,4754
7543,4754
7543,3518
7544,4231
7545,2259
7545,576
7546,4805
7547,3467
7549,2738
7550,3937
7551,975
7553,4924
7554,4835
7555,326
7555,1483
7556,2065
7557,3055
7557,89
7558,1527
7559,303
7560,364
7561,1952
7562,3923
7563,2264
7564,2897
7565,2610
7566,870
7567,1060
7567,1175
7568,3590
7576,4486
7578,1522
7579,2005
7580,1212
7581,3353
7582,4129
7583,2727
7584,2131
7585,2077
7586,2249
7588,3838
7591,400
7592,592
7593,2281
7595,1469
7596,690
7597,604
7597,690
7599,1878
7599,1859
7601,3384
7602,778
7603,2415
7604,1871
7605,806
7606,2053
7607,778
7608,1644
7609,3588
7610,1809
7610,4082
7612,4100
7613,4100
7614,526
7615,2535
7616,1481
7617,1012
7618,4936
7618,189
7619,1078
7620,2124
7621,3580
7622,1763
7623,472
7626,1530
7626,1186
7627,709
7631,2443
7632,2443
7634,4442
7635,1159
7636,4987
7636,1932
7637,4495
7638,2409
7639,4598
7640,4598
7642,3466
7643,4456
7644,1288
7645,1288
7646,1288
7648,1990
7649,1234
7651,698
7652,1025
7653,398
7654,3720
7655,1819
7656,1794
7657,1794
7658,1819
7659,3115
7660,2629
7661,611
7662,1297
7664,1781
7665,3829
7666,1270
7668,3934
7669,313
7669,4514
7670,3397
7670,2774
7671,1615
7673,1247
7674,3226
7677,1247
7678,4249
7679,4762
7680,420
7681,3980
7682,4054
7683,1769
7684,3539
7684,3952
7685,1702
7687,63
7687,257
7688,523
7689,1518
7691,3039
7692,1401
7693,43
7695,1828
7696,3805
7697,2231
7698,1682
7700,1705
7701,1717
7702,1790
7703,3519
7704,131
7705,291
7707,2255
7708,1587
7709,121
7712,2202
7713,1756
7714,3135
7715,9
7716,2391
7717,4532
7718,2827
7720,1423
7721,611
7723,2282
7723,4308
7724,1731
7725,4621
7727,4222
7728,4242
7729,863
7731,2688
7732,825
7733,4426
7734,897
7735,201
7735,760
7736,4867
7737,271
7737,1231
7738,611
7738,3016
7738,4772
7738,4328
7738,2199
7739,4103
7740,1132
7741,4714
7741,294
7742,236
7743,2233
7744,1002
7744,4553
7744,1130
7744,2683
7745,870
7746,3178
7746,3649
7747,2189
7749,4775
7750,481
7751,3615
7752,1234
7753,2466
7753,4067
7754,3069
7755,4837
7756,792
7758,290
7759,1888
7779,4098
7779,3815
7789,4707
7790,4287
7791,1276
7792,120
7793,2004
7793,3792
7793,3694
7794,2489
7795,576
7796,4221
7797,1560
7798,236
7800,4617
7802,3533
7803,2069
7804,3604
7805,3823
7806,467
7808,1575
7810,1119
7812,454
7815,4368
7817,321
7818,4867
7819,4693
7820,334
7821,4959
7822,4099
7823,2007
7823,3295
7824,2348
7825,2217
7826,1143
7827,630
7827,805
7828,3741
7830,2840
7831,2526
7832,1544
7833,922
7834,2154
7835,1297
7837,3097
7838,400
7840,2865
7842,2400
7844,3778
7845,2650
7846,2022
7847,1236
7849,433
7849,1914
7850,698
7852,227
7853,1309
7854,2884
7855,1937
7856,4621
7858,930
7859,4612
7860,277
7860,3538
7861,3181
7862,1237
7864,903
7864,3648
7865,3552
7865,4636
7866,2856
7867,2401
7869,1919
7870,3684
7872,1145
7872,1992
7874,4429
7875,1699
7876,4076
7877,1797
7878,1668
7880,3125
7881,3501
7882,3501
7883,3501
7884,3125
7885,4943
7886,1366
7887,3822
7888,2083
7889,1183
7890,2910
7891,38
7892,1242
7892,3552
7894,1201
7895,4436
7896,4896
7897,1460
7899,17
7900,3747
7901,1646
7902,122
7903,373
7904,651
7905,4400
7906,1362
7908,112
7910,3268
7911,2076
7912,2283
7913,2186
7914,2462
7915,789
7916,4643
7917,1529
7918,224
7919,4110
7920,3257
7920,2010
7921,3302
7922,1513
7923,331
7924,2578
7925,1899
7926,1341
7927,225
7928,4616
7929,233
7929,2164
7930,2253
7931,4358
7932,59
7933,3741
7934,2440
7935,1235
7936,1793
7937,2623
7938,2623
7939,2233
7940,861
7941,1022
7942,1655
7944,735
7945,3461
7946,3070
7947,4257
7948,4578
7950,2940
7951,92
7952,3622
7953,4971
7955,2318
7956,1274
7957,3121
7958,1961
7959,2392
7960,2513
7960,665
7960,952
7961,3607
7962,2794
7963,2794
7964,494
7965,4839
7966,2381
7967,4347
7968,3560
7970,4554
7971,3083
7972,1812
7973,3333
7974,3083
7975,1172
7976,1812
7977,3333
7978,1172
7979,1172
7979,2414
7980,2491
7981,738
7982,964
7984,339
7986,1665
7987,4010
7988,4010
7989,3663
7990,4030
7991,4933
7993,1115
7995,1510
7996,1137
7997,3155
7998,64
7999,2927
8000,3253
8002,2748
8002,3857
8004,3107
8005,3959
8006,2988
8007,2690
8007,2420
8008,2420
8009,2218
8009,3141
8010,2011
8011,193
8012,878
8013,341
8014,611
8014,4328
8015,2608
8015,1841
8017,2828
8018,1302
8019,2312
8020,2921
8024,531
8025,4524
8026,3797
8027,228
8028,1165
8029,2449
8030,4799
8033,1747
8034,4283
8035,2307
8036,4041
8036,1434
8037,2662
8038,2796
8039,18
8040,9
8042,4455
8043,3881
8044,1384
8046,4069
8047,1570
8048,3209
8049,2148
8050,2634
8051,153
8052,4285
8053,4285
8054,3000
8055,417
8056,4344
8057,1370
8058,3763
8060,1300
8061,3502
8061,1000
8062,404
8062,4747
8064,4448
8066,1343
8067,2327
8068,4034
8069,4021
8069,4217
8069,542
8070,1789
8070,1034
8072,244
8073,1730
8074,1748
8075,193
8076,193
8077,193
8078,663
8079,3158
8080,596
8081,478
8082,3326
8083,1089
8085,2066
8087,2977
8087,3794
8088,3641
8089,4272
8090,1283
8091,972
8091,4147
8092,4599
8092,3028
8092,3943
8092,1288
8093,1138
8096,846
8097,813
8099,4705
8100,1129
8101,1005
8102,1119
8104,3835
8105,968
8105,206
8106,3909
8107,2306
8109,3925
8111,3729
8112,3134
8113,3116
8114,3576
8115,4204
8116,4706
8117,4853
8119,3522
8120,2471
8121,2527
8123,684
8124,4625
8125,5
8127,134
8128,1808
8129,4604
8131,1438
8132,3190
8134,4187
8135,1279
8135,2226
8136,2127
8137,1143
8139,1304
8140,2995
8141,71
8141,4245
8142,183
8143,3647
8145,2255
8146,368
8147,4545
8150,3999
8151,2368
8152,2469
8152,4657
8153,3110
8154,1366
8155,838
8156,3309
8157,3405
8158,4184
8159,2780
8160,113
8161,929
8162,1117
8163,1023
8164,141
8165,4938
8165,2411
8165,4703
8165,3114
8165,3563
8167,4609
8168,4692
8169,3277
8169,1372
8170,1752
8171,1964
8172,4818
8173,520
8177,466
8177,4984
8178,3240
8178,2219
8179,3170
8180,4043
8182,1262
8184,193
8185,1961
8186,3809
8187,4286
8188,122
8189,2766
8191,2434
8191,3452
8192,4477
8192,4900
8193,1366
8195,798
8196,4441
8197,502
8198,268
8199,1926
8201,2570
8202,2509
8203,3487
8203,2691
8204,1054
8205,2731
8205,324
8206,259
8208,3137
8211,1095
8212,2841
8213,2666
8214,4468
8215,4775
8216,1239
8216,4637
8216,2845
8218,3159
8218,250
8219,336
8220,4531
8221,891
8222,2839
8223,4095
8224,2986
8225,403
8226,3753
8227,4670
8228,4103
8229,4165
8230,122
8231,3097
8233,4821
8234,1618
8234,2983
8235,3068
8236,3669
8237,2884
8238,737
8239,1595
8240,3942
8241,1331
8242,4103
8243,4417
8245,1632
8246,1780
8247,3264
8248,3089
8249,2970
8250,278
8252,4985
8253,3410
8254,1332
8255,4120
8256,4616
8257,2808
8259,3037
8259,1160
8260,3185
8261,3200
8262,2986
8264,3198
8264,2216
8265,4639
8266,2558
8267,1027
8267,4704
8268,4813
8270,4401
8271,613
8271,4173
8273,4959
8274,648
8274,4789
8275,1406
8276,4090
8277,2839
8279,1627
8279,2853
8280,3106
8281,4422
8282,2539
8284,4115
8285,1460
8286,4605
8287,274
8289,1151
8290,4892
8290,661
8291,4034
8292,4437
8293,2114
8294,2507
8295,1873
8296,3473
8297,3142
8298,4103
8299,2927
8300,1865
8300,4284
8301,4640
8302,515
8303,3375
8304,3647
8305,2260
8306,2260
8307,1524
8308,3729
8309,755
8310,2514
8311,1477
8313,2940
8314,289
8315,862
8318,1478
8319,631
8320,4300
8321,1790
8323,2456
8323,1324
8324,545
8325,1902
8326,3038
8327,1541
8328,1541
8329,1541
8330,1541
8333,873
8334,4896
8336,750
8338,2407
8339,2956
8340,2823
8341,388
8342,2555
8343,1649
8344,10
8345,4654
8345,692
8345,442
8345,266
8345,3536
8345,1943
8345,4064
8345,500
8346,1712
8347,2497
8349,3866
8351,3448
8352,3217
8353,415
8355,685
8356,4036
8357,4165
8359,3272
8360,2171
8360,672
8360,4185
8361,3598
8362,1027
8363,4598
8364,142
8364,245
8365,142
8365,1724
8366,1574
8366,306
8368,3706
8370,1586
8371,1041
8371,4587
8373,639
8375,4422
8376,376
8378,3660
8381,4070
8382,3292
8383,4908
8384,2468
8385,1817
8386,3987
8387,4640
8388,3816
8389,510
8389,4817
8390,2056
8391,4190
8392,4361
8394,4790
8395,352
8395,881
8396,4466
8397,1806
8399,3679
8400,2867
8401,2207
8402,1354
8403,1744
8404,3230
8405,1642
8406,1642
8407,2616
8408,1422
8408,2363
8409,79
8410,3243
8411,2296
8413,1636
8413,527
8414,2514
8415,3218
8415,4094
8416,3218
8416,4094
8417,3218
8417,4094
8418,55
8418,2635
8418,4348
8419,1531
8420,1506
8421,358
8426,2397
8427,4338
8428,3258
8431,4018
8433,3495
8434,4718
8435,4718
8436,574
8437,2045
8439,1566
8441,4461
8441,4744
8442,415
8442,938
8444,853
8445,4231
8446,3641
8447,60
8448,2947
8449,4589
8450,4388
8451,954
8452,2270
8453,386
8454,717
8455,993
8456,70
8457,2478
8458,3202
8458,1721
8459,302
8460,2304
8461,4930
8462,431
8463,4444
8463,385
8464,2999
8465,1862
8466,3967
8467,3062
8467,3304
8468,1949
8469,1016
8470,1267
8471,1726
8471,2424
8473,4422
8474,3447
8476,2133
8478,2813
8479,830
8480,765
8480,1321
8480,4025
8481,4937
8482,3018
8484,104
8485,3017
8486,2220
8487,2496
8488,3227
8489,577
8490,369
8492,2137
8493,3782
8494,4393
8495,4073
8496,4108
8497,4641
8498,342
8499,1027
8500,1580
8501,1312
8502,2347
8503,3226
8505,205
8506,226
8507,2318
8508,767
8508,3426
8509,3272
8510,2957
8512,1790
8513,2915
8514,1151
8515,1548
8516,2260
8517,1820
8518,867
8521,652
8522,3885
8523,1355
8525,724
8525,2931
8526,3760
8527,4297
8528,1813
8529,1346
8529,2067
8530,860
8531,2552
8532,4606
8533,2119
8535,4355
8535,2178
8536,1987
8537,1551
8538,4449
8538,2777
8539,1185
8541,1956
8543,2877
8544,1288
8547,1482
8547,797
8548,4814
8549,3965
8550,55
8550,3030
8551,2759
8551,1331
8553,1202
8554,3477
8555,2059
8556,382
8557,2737
8559,2303
8560,1150
8562,3485
8563,3335
8564,2648
8565,1238
8566,1155
8567,3940
8569,654
8570,2082
8571,3712
8572,1867
8573,2445
8574,4304
8577,4097
8578,1162
8579,412
8580,173
8581,1765
8582,481
8583,854
8584,3968
8585,1054
8586,1899
8587,1546
8588,1506
8588,2778
8590,4876
8591,2720
8592,2359
8595,3928
8596,12
8598,3249
8598,378
8598,1254
8599,834
8600,1285
8602,3024
8603,3051
8604,3325
8607,625
8608,4922
8609,4383
8611,4546
8612,2104
8613,108
8614,4855
8615,4905
8616,1198
8617,4476
8618,826
8619,1666
8620,628
8621,3310
8621,2779
8622,2572
8623,4324
8624,2524
8625,4324
8626,1220
8627,1220
8628,2743
8629,1339
8630,2722
8631,1430
8632,4861
8633,983
8633,1265
8635,3072
8636,4465
8637,1141
8638,1393
8639,2177
8640,2768
8641,1276
8641,4358
8641,1404
8641,1509
8641,4510
8642,1916
8643,2195
8644,3294
8646,4500
8649,4607
8650,4784
8651,3488
8651,4511
8652,4237
8653,4816
8655,3956
8656,3514
8657,4219
8658,4851
8659,3317
8660,4522
8661,259
8662,274
8663,4404
8664,506
8665,1853
8666,4288
8667,1899
8668,1289
8669,3821
8671,3015
8672,3959
8673,4928
8674,2239
8675,4024
8676,788
8677,4505
8678,4446
8679,2985
8681,2106
8682,4921
8683,859
8684,1839
8686,769
8687,2230
8688,1241
8689,3468
8690,4060
8692,639
8693,3762
8693,1233
8694,3505
8694,1908
8695,1286
8696,1670
8697,1961
8698,4849
8699,2220
8700,3143
8702,1633
8703,496
8704,31
8705,1362
8706,2924
8707,969
8708,2897
8709,4070
8710,4319
8712,1624
8714,947
8715,2223
8715,1893
8715,3659
8716,2525
8717,4175
8718,79
8719,262
8720,1174
8723,431
8724,300
8725,3910
8726,3692
8726,4422
8728,3687
8728,1313
8729,1520
8729,3733
8730,4066
8731,1003
8732,1770
8733,1691
8734,284
8735,4335
8736,4959
8738,4318
8738,2838
8739,2030
8740,1276
8740,3334
8743,1638
8744,2262
8745,1601
8746,4250
8747,2709
8749,60
8751,1284
8752,3996
8753,2242
8754,61
8755,4749
8757,1990
8758,1234
8760,3127
8761,4498
8762,3730
8763,2140
8764,4358
8765,2272
8766,3048
8766,1381
8766,2365
8766,3706
8767,685
8768,4129
8769,153
8770,3574
8771,2255
8772,695
8773,1088
8774,779
8775,4728
8777,1187
8778,4327
8779,4327
8780,541
8782,1966
8783,2195
8787,1157
8788,1111
8789,1182
8790,1133
8791,4077
8792,1853
8793,4489
8794,308
8795,2326
8799,3616
8800,2261
8802,4058
8803,1790
8805,497
8806,1547
8807,3034
